,Id,Date,Calories,Steps,VeryActiveMinutes,LightlyActiveMinutes,FairlyActiveMinutes,SedentaryMinutes,VeryActiveDistance,LightActiveDistance,ModeratelyActiveDistance,SedentaryActiveDistance,TotalTimeInBed,TotalMinutesAsleep,TotalSleepRecords
0,1503960366,2016-04-12,1985,13162,25,328,13,728,1.879999995,6.059999943,0.550000012,0.0,346.0,327.0,1.0
1,1503960366,2016-04-13,1797,10735,21,217,19,776,1.570000052,4.710000038,0.689999998,0.0,407.0,384.0,2.0
2,1503960366,2016-04-14,1776,10460,30,181,11,1218,2.440000057,3.910000086,0.400000006,0.0,,,
3,1503960366,2016-04-15,1745,9762,29,209,34,726,2.140000105,2.829999924,1.25999999,0.0,442.0,412.0,1.0
4,1503960366,2016-04-16,1863,12669,36,221,10,773,2.710000038,5.039999962,0.409999996,0.0,367.0,340.0,2.0
5,1503960366,2016-04-17,1728,9705,38,164,20,539,3.190000057,2.50999999,0.779999971,0.0,712.0,700.0,1.0
6,1503960366,2016-04-18,1921,13019,42,233,16,1149,3.25,4.710000038,0.639999986,0.0,,,
7,1503960366,2016-04-19,2035,15506,50,264,31,775,3.529999971,5.03000021,1.320000052,0.0,320.0,304.0,1.0
8,1503960366,2016-04-20,1786,10544,28,205,12,818,1.960000038,4.239999771,0.479999989,0.0,377.0,360.0,1.0
9,1503960366,2016-04-21,1775,9819,19,211,8,838,1.340000033,4.650000095,0.349999994,0.0,364.0,325.0,1.0
10,1503960366,2016-04-22,1827,12764,66,130,27,1217,4.760000229,2.24000001,1.120000005,0.0,,,
11,1503960366,2016-04-23,1949,14371,41,262,21,732,2.809999943,5.360000134,0.870000005,0.0,384.0,361.0,1.0
12,1503960366,2016-04-24,1788,10039,39,238,5,709,2.920000076,3.279999971,0.209999993,0.0,449.0,430.0,1.0
13,1503960366,2016-04-25,2013,15355,73,216,14,814,5.289999962,3.940000057,0.569999993,0.0,323.0,277.0,1.0
14,1503960366,2016-04-26,1970,13755,31,279,23,833,2.329999924,5.539999962,0.920000017,0.0,274.0,245.0,1.0
15,1503960366,2016-04-27,2159,18134,78,243,11,1108,6.400000095,5.409999847,0.409999996,0.0,,,
16,1503960366,2016-04-28,1898,13154,48,189,28,782,3.539999962,3.789999962,1.159999967,0.0,393.0,366.0,1.0
17,1503960366,2016-04-29,1837,11181,16,243,12,815,1.059999943,5.579999924,0.5,0.0,354.0,341.0,1.0
18,1503960366,2016-04-30,1947,14673,52,217,34,712,3.559999943,4.269999981,1.419999957,0.0,425.0,404.0,1.0
19,1503960366,2016-05-01,1820,10602,33,246,35,730,2.289999962,2.920000076,1.600000024,0.0,396.0,369.0,1.0
20,1503960366,2016-05-02,2004,14727,41,277,15,798,3.210000038,5.920000076,0.569999993,0.0,309.0,277.0,1.0
21,1503960366,2016-05-03,1990,15103,50,254,24,816,3.730000019,4.880000114,1.049999952,0.0,296.0,273.0,1.0
22,1503960366,2016-05-04,1819,11100,36,203,22,1179,2.460000038,3.819999933,0.870000005,0.0,,,
23,1503960366,2016-05-05,1959,14070,45,250,24,857,2.920000076,4.880000114,1.080000043,0.0,264.0,247.0,1.0
24,1503960366,2016-05-06,1896,12159,24,289,6,754,1.970000029,5.809999943,0.25,0.0,367.0,334.0,1.0
25,1503960366,2016-05-07,1821,11992,37,175,46,833,2.460000038,3.130000114,2.119999886,0.0,349.0,331.0,1.0
26,1503960366,2016-05-08,1740,10060,44,203,8,574,3.529999971,2.730000019,0.319999993,0.0,611.0,594.0,1.0
27,1503960366,2016-05-09,1819,12022,46,206,11,835,3.450000048,3.74000001,0.529999971,0.0,342.0,338.0,1.0
28,1503960366,2016-05-10,1859,12207,46,214,31,746,3.349999905,3.25999999,1.159999967,0.0,403.0,383.0,1.0
29,1503960366,2016-05-11,1783,12770,36,251,23,669,2.559999943,4.550000191,1.00999999,0.0,306.0,285.0,1.0
30,1503960366,2016-05-12,0,0,0,0,0,1440,0.0,0.0,0.0,0.0,,,
31,1624580081,2016-04-12,1432,8163,0,146,0,1294,0.0,5.309999943,0.0,0.0,,,
32,1624580081,2016-04-13,1411,7007,0,148,0,1292,0.0,4.550000191,0.0,0.0,,,
33,1624580081,2016-04-14,1572,9107,0,236,0,1204,0.0,5.909999847,0.0,0.01,,,
34,1624580081,2016-04-15,1344,1510,0,96,0,1344,0.0,0.970000029,0.0,0.0,,,
35,1624580081,2016-04-16,1463,5370,0,176,0,1264,0.0,3.49000001,0.0,0.0,,,
36,1624580081,2016-04-17,1554,6175,15,127,22,1276,1.029999971,1.49000001,1.519999981,0.01,,,
37,1624580081,2016-04-18,1604,10536,17,202,7,1214,2.150000095,4.619999886,0.620000005,0.01,,,
38,1624580081,2016-04-19,1435,2916,0,141,0,1299,0.0,1.899999976,0.0,0.0,,,
39,1624580081,2016-04-20,1446,4974,0,151,0,1289,0.0,3.230000019,0.0,0.0,,,
40,1624580081,2016-04-21,1467,6349,0,186,0,1254,0.0,4.110000134,0.0,0.02,,,
41,1624580081,2016-04-22,1470,4026,0,199,0,1241,0.0,2.599999905,0.0,0.0,,,
42,1624580081,2016-04-23,1562,8538,0,227,0,1213,0.0,5.539999962,0.0,0.01,,,
43,1624580081,2016-04-24,1617,6076,16,185,18,1221,1.149999976,1.889999986,0.910000026,0.0,,,
44,1624580081,2016-04-25,1492,6497,0,202,0,1238,0.0,4.199999809,0.0,0.02,,,
45,1624580081,2016-04-26,1402,2826,0,140,0,1300,0.0,1.830000043,0.0,0.01,,,
46,1624580081,2016-04-27,1670,8367,17,154,36,1233,1.110000014,2.460000038,1.870000005,0.0,,,
47,1624580081,2016-04-28,1401,2759,0,115,5,1320,0.0,1.600000024,0.200000003,0.0,,,
48,1624580081,2016-04-29,1404,2390,0,150,0,1290,0.0,1.549999952,0.0,0.0,,,
49,1624580081,2016-04-30,1655,6474,11,224,23,1182,0.899999976,2.119999886,1.279999971,0.01,,,
50,1624580081,2016-05-01,2690,36019,186,171,63,1020,21.92000008,1.909999967,4.190000057,0.02,,,
51,1624580081,2016-05-02,1497,7155,7,166,6,1261,0.860000014,3.470000029,0.589999974,0.0,,,
52,1624580081,2016-05-03,1334,2100,0,96,0,1344,0.0,1.340000033,0.0,0.02,,,
53,1624580081,2016-05-04,1368,2193,0,118,0,1322,0.0,1.419999957,0.0,0.0,,,
54,1624580081,2016-05-05,1370,2470,0,117,0,1323,0.0,1.580000043,0.0,0.02,,,
55,1624580081,2016-05-06,1341,1727,0,102,0,1338,0.0,1.120000005,0.0,0.01,,,
56,1624580081,2016-05-07,1474,2104,0,182,0,1258,0.0,1.370000005,0.0,0.0,,,
57,1624580081,2016-05-08,1427,3427,0,152,0,1288,0.0,2.220000029,0.0,0.0,,,
58,1624580081,2016-05-09,1328,1732,0,91,0,1349,0.0,1.129999995,0.0,0.0,,,
59,1624580081,2016-05-10,1393,2969,0,139,0,1301,0.0,1.919999957,0.0,0.01,,,
60,1624580081,2016-05-11,1359,3134,0,112,0,1328,0.0,2.039999962,0.0,0.0,,,
61,1624580081,2016-05-12,1002,2971,0,107,0,890,0.0,1.919999957,0.0,0.01,,,
62,1644430081,2016-04-12,3199,10694,2,256,51,1131,0.140000001,5.329999924,2.299999952,0.0,,,
63,1644430081,2016-04-13,2902,8001,30,135,16,1259,2.279999971,2.640000105,0.899999976,0.0,,,
64,1644430081,2016-04-14,3226,11037,5,252,58,1125,0.360000014,5.099999905,2.559999943,0.0,,,
65,1644430081,2016-04-15,2750,5263,3,170,4,1263,0.219999999,3.450000048,0.150000006,0.0,,,
66,1644430081,2016-04-16,3493,15300,51,212,42,1135,4.099999905,5.090000153,1.879999995,0.0,,,
67,1644430081,2016-04-17,3011,8757,29,186,13,1212,2.25,3.549999952,0.569999993,0.0,,,
68,1644430081,2016-04-18,2806,7132,15,121,33,1271,1.070000052,2.450000048,1.669999957,0.0,,,
69,1644430081,2016-04-19,3300,11256,5,278,58,1099,0.360000014,5.300000191,2.529999971,0.0,,,
70,1644430081,2016-04-20,2430,2436,0,125,0,1315,0.0,1.75999999,0.0,0.01,,,
71,1644430081,2016-04-21,2140,1223,0,38,0,1402,0.0,0.879999995,0.0,0.01,,,
72,1644430081,2016-04-22,2344,3673,0,86,0,1354,0.0,2.660000086,0.0,0.01,,,
73,1644430081,2016-04-23,2677,6637,0,160,15,1265,0.0,4.25,0.579999983,0.0,,,
74,1644430081,2016-04-24,2413,3321,0,89,0,1351,0.0,2.410000086,0.0,0.0,,,
75,1644430081,2016-04-25,2497,3580,8,94,1,1337,0.589999974,1.950000048,0.059999999,0.0,,,
76,1644430081,2016-04-26,3123,9919,11,223,41,1165,0.800000012,4.690000057,1.720000029,0.0,,,
77,1644430081,2016-04-27,2489,3032,0,118,0,1322,0.0,2.200000048,0.0,0.0,,,
78,1644430081,2016-04-28,3108,9405,3,227,53,1157,0.200000003,4.309999943,2.319999933,0.0,,,
79,1644430081,2016-04-29,2498,3176,0,120,0,1193,0.0,2.309999943,0.0,0.0,127.0,119.0,1.0
80,1644430081,2016-04-30,3846,18213,9,402,71,816,0.629999995,9.460000038,3.140000105,0.0,142.0,124.0,1.0
81,1644430081,2016-05-01,2696,6132,3,146,24,908,0.239999995,3.230000019,0.99000001,0.0,,,
82,1644430081,2016-05-02,2580,3758,1,148,7,682,0.07,2.349999905,0.310000002,0.0,961.0,796.0,1.0
83,1644430081,2016-05-03,3324,12850,10,221,94,1115,0.720000029,4.539999962,4.090000153,0.0,,,
84,1644430081,2016-05-04,2222,2309,0,52,0,1388,0.0,1.659999967,0.0,0.02,,,
85,1644430081,2016-05-05,2463,4363,6,81,12,1341,0.519999981,2.130000114,0.540000021,0.01,,,
86,1644430081,2016-05-06,3328,9787,11,369,6,1054,0.819999993,6.010000229,0.270000011,0.02,,,
87,1644430081,2016-05-07,3404,13372,41,243,17,1139,3.25999999,5.670000076,0.790000021,0.01,,,
88,1644430081,2016-05-08,2987,6724,0,295,0,991,0.0,4.880000114,0.0,0.0,154.0,137.0,1.0
89,1644430081,2016-05-09,3008,6643,32,303,6,1099,2.390000105,2.089999914,0.349999994,0.01,,,
90,1644430081,2016-05-10,2799,9167,12,155,19,1254,0.879999995,4.96999979,0.810000002,0.01,,,
91,1644430081,2016-05-11,1276,1329,0,49,0,713,0.0,0.949999988,0.0,0.01,,,
92,1844505072,2016-04-12,2030,6697,0,339,0,1101,0.0,4.429999828,0.0,0.0,,,
93,1844505072,2016-04-13,1860,4929,0,248,0,1192,0.0,3.25999999,0.0,0.0,,,
94,1844505072,2016-04-14,2130,7937,0,373,0,843,0.0,5.230000019,0.0,0.0,,,
95,1844505072,2016-04-15,1725,3844,0,176,0,527,0.0,2.539999962,0.0,0.0,961.0,644.0,1.0
96,1844505072,2016-04-16,1657,3414,0,147,0,1293,0.0,2.25999999,0.0,0.0,,,
97,1844505072,2016-04-17,1793,4525,2,199,8,1231,0.140000001,2.589999914,0.25999999,0.0,,,
98,1844505072,2016-04-18,1814,4597,0,217,12,1211,0.0,2.559999943,0.479999989,0.0,,,
99,1844505072,2016-04-19,1366,197,0,10,0,1430,0.0,0.129999995,0.0,0.0,,,
100,1844505072,2016-04-20,1349,8,0,1,0,1439,0.0,0.01,0.0,0.0,,,
101,1844505072,2016-04-21,2062,8054,2,308,13,1117,0.119999997,4.679999828,0.519999981,0.0,,,
102,1844505072,2016-04-22,1827,5372,0,220,0,1220,0.0,3.549999952,0.0,0.0,,,
103,1844505072,2016-04-23,1645,3570,0,139,0,1301,0.0,2.359999895,0.0,0.0,,,
104,1844505072,2016-04-24,1347,0,0,0,0,1440,0.0,0.0,0.0,0.0,,,
105,1844505072,2016-04-25,1347,0,0,0,0,1440,0.0,0.0,0.0,0.0,,,
106,1844505072,2016-04-26,1347,0,0,0,0,1440,0.0,0.0,0.0,0.0,,,
107,1844505072,2016-04-27,1348,4,0,1,0,1439,0.0,0.0,0.0,0.0,,,
108,1844505072,2016-04-28,1992,6907,0,302,0,1138,0.0,4.559999943,0.0,0.0,,,
109,1844505072,2016-04-29,1856,4920,0,247,0,1082,0.0,3.25,0.0,0.0,,,
110,1844505072,2016-04-30,1763,4014,0,184,0,218,0.0,2.650000095,0.0,0.0,961.0,722.0,1.0
111,1844505072,2016-05-01,1541,2573,0,75,7,585,0.0,1.450000048,0.25999999,0.0,961.0,590.0,1.0
112,1844505072,2016-05-02,1348,0,0,0,0,1440,0.0,0.0,0.0,0.0,,,
113,1844505072,2016-05-03,1742,4059,0,184,0,1256,0.0,2.680000067,0.0,0.0,,,
114,1844505072,2016-05-04,1549,2080,0,87,0,1353,0.0,1.370000005,0.0,0.0,,,
115,1844505072,2016-05-05,1589,2237,0,120,0,1320,0.0,1.480000019,0.0,0.0,,,
116,1844505072,2016-05-06,1351,44,0,2,0,1438,0.0,0.029999999,0.0,0.0,,,
117,1844505072,2016-05-07,1347,0,0,0,0,1440,0.0,0.0,0.0,0.0,,,
118,1844505072,2016-05-08,1347,0,0,0,0,1440,0.0,0.0,0.0,0.0,,,
119,1844505072,2016-05-09,1347,0,0,0,0,1440,0.0,0.0,0.0,0.0,,,
120,1844505072,2016-05-10,1347,0,0,0,0,1440,0.0,0.0,0.0,0.0,,,
121,1844505072,2016-05-11,1347,0,0,0,0,1440,0.0,0.0,0.0,0.0,,,
122,1844505072,2016-05-12,665,0,0,0,0,711,0.0,0.0,0.0,0.0,,,
123,1927972279,2016-04-12,2220,678,0,55,0,734,0.0,0.469999999,0.0,0.0,775.0,750.0,3.0
124,1927972279,2016-04-13,2151,356,0,32,0,986,0.0,0.25,0.0,0.0,422.0,398.0,1.0
125,1927972279,2016-04-14,2383,2163,0,88,9,1292,0.0,1.100000024,0.400000006,0.0,,,
126,1927972279,2016-04-15,2221,980,0,51,0,941,0.0,0.680000007,0.0,0.0,499.0,475.0,2.0
127,1927972279,2016-04-16,2064,0,0,0,0,1440,0.0,0.0,0.0,0.0,,,
128,1927972279,2016-04-17,2063,0,0,0,0,1440,0.0,0.0,0.0,0.0,,,
129,1927972279,2016-04-18,2111,244,0,17,0,1423,0.0,0.170000002,0.0,0.0,,,
130,1927972279,2016-04-19,2063,0,0,0,0,1440,0.0,0.0,0.0,0.0,,,
131,1927972279,2016-04-20,2063,0,0,0,0,1440,0.0,0.0,0.0,0.0,,,
132,1927972279,2016-04-21,2064,0,0,0,0,1440,0.0,0.0,0.0,0.0,,,
133,1927972279,2016-04-22,2093,149,0,10,0,1430,0.0,0.100000001,0.0,0.0,,,
134,1927972279,2016-04-23,2499,2945,0,145,0,1295,0.0,2.039999962,0.0,0.0,,,
135,1927972279,2016-04-24,2324,2090,1,75,6,1358,0.07,1.139999986,0.239999995,0.0,,,
136,1927972279,2016-04-25,2100,152,0,12,0,1303,0.0,0.109999999,0.0,0.0,,,
137,1927972279,2016-04-26,2638,3761,0,192,0,1058,0.0,2.599999905,0.0,0.0,315.0,296.0,1.0
138,1927972279,2016-04-27,2063,0,0,0,0,1440,0.0,0.0,0.0,0.0,,,
139,1927972279,2016-04-28,2351,1675,0,95,0,1167,0.0,1.159999967,0.0,0.0,178.0,166.0,1.0
140,1927972279,2016-04-29,2063,0,0,0,0,1440,0.0,0.0,0.0,0.0,,,
141,1927972279,2016-04-30,2064,0,0,0,0,1440,0.0,0.0,0.0,0.0,,,
142,1927972279,2016-05-01,2411,2704,14,70,1,1355,1.00999999,0.829999983,0.029999999,0.0,,,
143,1927972279,2016-05-02,2505,3790,16,94,8,1322,1.159999967,1.159999967,0.300000012,0.0,,,
144,1927972279,2016-05-03,2195,1326,10,17,0,1413,0.730000019,0.180000007,0.0,0.0,,,
145,1927972279,2016-05-04,2338,1786,0,87,0,1353,0.0,1.24000001,0.0,0.0,,,
146,1927972279,2016-05-05,2063,0,0,0,0,1440,0.0,0.0,0.0,0.0,,,
147,1927972279,2016-05-06,2383,2091,0,108,0,1332,0.0,1.450000048,0.0,0.0,,,
148,1927972279,2016-05-07,2229,1510,0,48,0,1392,0.0,1.039999962,0.0,0.0,,,
149,1927972279,2016-05-08,2063,0,0,0,0,1440,0.0,0.0,0.0,0.0,,,
150,1927972279,2016-05-09,2063,0,0,0,0,1440,0.0,0.0,0.0,0.0,,,
151,1927972279,2016-05-10,2063,0,0,0,0,1440,0.0,0.0,0.0,0.0,,,
152,1927972279,2016-05-11,2063,0,0,0,0,1440,0.0,0.0,0.0,0.0,,,
153,1927972279,2016-05-12,1383,0,0,0,0,966,0.0,0.0,0.0,0.0,,,
154,2022484408,2016-04-12,2390,11875,42,227,14,1157,3.309999943,4.260000229,0.769999981,0.0,,,
155,2022484408,2016-04-13,2601,12024,43,292,5,1100,2.99000001,5.409999847,0.100000001,0.0,,,
156,2022484408,2016-04-14,2312,10690,32,257,3,1148,2.480000019,4.820000172,0.209999993,0.0,,,
157,2022484408,2016-04-15,2525,11034,27,282,9,1122,1.940000057,5.78000021,0.310000002,0.0,,,
158,2022484408,2016-04-16,2177,10100,41,151,11,1237,3.150000095,3.390000105,0.550000012,0.0,,,
159,2022484408,2016-04-17,2782,15112,28,331,29,1052,3.869999886,6.880000114,0.660000026,0.0,,,
160,2022484408,2016-04-18,2770,14131,48,311,3,1078,3.640000105,6.300000191,0.119999997,0.0,,,
161,2022484408,2016-04-19,2489,11548,31,250,7,1152,3.289999962,5.0,0.239999995,0.0,,,
162,2022484408,2016-04-20,2897,15112,48,276,63,1053,3.339999914,5.400000095,1.929999948,0.0,,,
163,2022484408,2016-04-21,3158,12453,104,255,53,1028,3.329999924,4.309999943,1.110000014,0.0,,,
164,2022484408,2016-04-22,2638,12954,52,273,10,1105,4.429999828,4.46999979,0.419999987,0.0,,,
165,2022484408,2016-04-23,2069,6001,0,249,0,1191,0.0,4.210000038,0.0,0.0,,,
166,2022484408,2016-04-24,2529,13481,37,216,26,1161,4.550000191,4.579999924,1.149999976,0.0,,,
167,2022484408,2016-04-25,2470,11369,44,217,8,1171,3.329999924,4.460000038,0.219999999,0.0,,,
168,2022484408,2016-04-26,2793,10119,55,275,24,1086,1.429999948,5.110000134,0.660000026,0.0,,,
169,2022484408,2016-04-27,2463,10159,19,282,20,1119,1.039999962,5.119999886,0.970000029,0.0,,,
170,2022484408,2016-04-28,2296,10140,6,291,20,1123,0.409999996,5.389999866,1.330000043,0.0,,,
171,2022484408,2016-04-29,2611,10245,21,281,40,1098,0.479999989,5.5,1.210000038,0.0,,,
172,2022484408,2016-04-30,2732,18387,13,361,23,1043,0.939999998,10.56999969,1.399999976,0.0,,,
173,2022484408,2016-05-01,2380,10538,25,245,28,1142,1.940000057,4.5,0.959999979,0.0,,,
174,2022484408,2016-05-02,2473,10379,36,277,8,1119,2.609999895,4.329999924,0.340000004,0.0,,,
175,2022484408,2016-05-03,2752,12183,72,250,14,1104,3.99000001,4.28000021,0.460000008,0.0,,,
176,2022484408,2016-05-04,2649,11768,36,272,27,1105,2.50999999,4.849999905,0.930000007,0.0,,,
177,2022484408,2016-05-05,2609,11895,55,253,20,1112,2.789999962,4.699999809,0.860000014,0.0,,,
178,2022484408,2016-05-06,2498,10227,24,295,17,1104,1.870000005,4.639999866,0.670000017,0.0,,,
179,2022484408,2016-05-07,1995,6708,20,149,2,1269,1.610000014,3.019999981,0.079999998,0.0,,,
180,2022484408,2016-05-08,1848,3292,0,135,0,1305,0.0,2.309999943,0.0,0.0,,,
181,2022484408,2016-05-09,2709,13379,35,297,47,1061,2.119999886,5.639999866,1.629999995,0.0,,,
182,2022484408,2016-05-10,2797,12798,57,271,28,1084,2.220000029,5.559999943,1.210000038,0.0,,,
183,2022484408,2016-05-11,2544,13272,58,224,25,1133,4.179999828,3.99000001,1.149999976,0.0,,,
184,2022484408,2016-05-12,1853,9117,16,236,16,728,1.279999971,4.440000057,0.670000017,0.0,,,
185,2026352035,2016-04-12,1459,4414,3,181,8,706,0.189999998,2.200000048,0.349999994,0.0,546.0,503.0,1.0
186,2026352035,2016-04-13,1521,4993,0,238,0,663,0.0,3.099999905,0.0,0.0,565.0,531.0,1.0
187,2026352035,2016-04-14,1431,3335,0,197,0,653,0.0,2.049999952,0.0,0.0,568.0,545.0,1.0
188,2026352035,2016-04-15,1444,3821,0,188,0,687,0.0,2.369999886,0.0,0.0,573.0,523.0,1.0
189,2026352035,2016-04-16,1373,2547,0,150,0,728,0.0,1.580000043,0.0,0.0,567.0,524.0,1.0
190,2026352035,2016-04-17,1214,838,0,60,0,1053,0.0,0.519999981,0.0,0.0,498.0,437.0,1.0
191,2026352035,2016-04-18,1419,3325,0,182,0,1062,0.0,2.059999943,0.0,0.0,,,
192,2026352035,2016-04-19,1356,2424,0,141,0,785,0.0,1.5,0.0,0.0,540.0,498.0,1.0
193,2026352035,2016-04-20,1667,7222,0,327,0,623,0.0,4.480000019,0.0,0.0,510.0,461.0,1.0
194,2026352035,2016-04-21,1370,2467,0,153,0,749,0.0,1.529999971,0.0,0.0,514.0,477.0,1.0
195,2026352035,2016-04-22,1399,2915,0,162,0,712,0.0,1.809999943,0.0,0.0,545.0,520.0,1.0
196,2026352035,2016-04-23,1916,12357,0,432,0,458,0.0,7.710000038,0.0,0.0,554.0,522.0,1.0
197,2026352035,2016-04-24,1401,3490,0,164,0,704,0.0,2.160000086,0.0,0.0,591.0,555.0,1.0
198,2026352035,2016-04-25,1576,6017,0,260,0,821,0.0,3.730000019,0.0,0.0,531.0,506.0,1.0
199,2026352035,2016-04-26,1595,5933,0,288,0,1018,0.0,3.680000067,0.0,0.0,,,
200,2026352035,2016-04-27,1593,6088,0,286,0,586,0.0,3.769999981,0.0,0.0,545.0,508.0,1.0
201,2026352035,2016-04-28,1649,6375,0,331,0,626,0.0,3.950000048,0.0,0.0,545.0,513.0,1.0
202,2026352035,2016-04-29,1692,7604,0,352,0,492,0.0,4.710000038,0.0,0.0,510.0,490.0,1.0
203,2026352035,2016-04-30,1506,4729,0,233,0,594,0.0,2.930000067,0.0,0.0,607.0,573.0,1.0
204,2026352035,2016-05-01,1447,3609,0,191,0,716,0.0,2.279999971,0.0,0.0,546.0,527.0,1.0
205,2026352035,2016-05-02,1690,7018,0,355,0,716,0.0,4.349999905,0.0,0.0,543.0,511.0,1.0
206,2026352035,2016-05-03,1604,5992,0,304,0,981,0.0,3.720000029,0.0,0.0,,,
207,2026352035,2016-05-04,1658,6564,0,345,0,530,0.0,4.070000172,0.0,0.0,560.0,538.0,1.0
208,2026352035,2016-05-05,1926,12167,0,475,0,479,0.0,7.539999962,0.0,0.0,485.0,468.0,1.0
209,2026352035,2016-05-06,1736,8198,0,383,0,511,0.0,5.079999924,0.0,0.0,548.0,524.0,1.0
210,2026352035,2016-05-07,1491,4193,0,229,0,665,0.0,2.599999905,0.0,0.0,521.0,511.0,1.0
211,2026352035,2016-05-08,1555,5528,0,258,0,610,0.0,3.450000048,0.0,0.0,568.0,541.0,1.0
212,2026352035,2016-05-09,1869,10685,0,401,0,543,0.0,6.599999905,0.0,0.0,556.0,531.0,1.0
213,2026352035,2016-05-10,1141,254,0,17,0,1002,0.0,0.159999996,0.0,0.0,380.0,357.0,1.0
214,2026352035,2016-05-11,1698,8580,0,330,0,569,0.0,5.320000172,0.0,0.0,553.0,523.0,1.0
215,2026352035,2016-05-12,1364,8891,0,343,0,330,0.0,5.510000229,0.0,0.0,485.0,456.0,1.0
216,2320127002,2016-04-12,2124,10725,13,306,9,1112,1.169999957,6.010000229,0.310000002,0.0,,,
217,2320127002,2016-04-13,2003,7275,0,335,0,1105,0.0,4.900000095,0.0,0.0,,,
218,2320127002,2016-04-14,1696,3973,0,191,0,1249,0.0,2.680000067,0.0,0.0,,,
219,2320127002,2016-04-15,1801,5205,0,245,0,1195,0.0,3.50999999,0.0,0.0,,,
220,2320127002,2016-04-16,1724,5057,0,195,0,1245,0.0,3.400000095,0.0,0.0,,,
221,2320127002,2016-04-17,1852,6198,0,249,0,1191,0.0,4.179999828,0.0,0.0,,,
222,2320127002,2016-04-18,1905,6559,0,260,7,1173,0.0,4.139999866,0.25999999,0.0,,,
223,2320127002,2016-04-19,1811,5997,0,228,11,1201,0.0,3.660000086,0.379999995,0.0,,,
224,2320127002,2016-04-20,1922,7192,0,283,11,1146,0.0,4.340000153,0.49000001,0.0,,,
225,2320127002,2016-04-21,1610,3404,1,127,10,1302,0.059999999,1.809999943,0.419999987,0.0,,,
226,2320127002,2016-04-22,1851,5583,0,266,0,1174,0.0,3.75999999,0.0,0.0,,,
227,2320127002,2016-04-23,1804,5079,0,242,0,1129,0.0,3.420000076,0.0,0.0,69.0,61.0,1.0
228,2320127002,2016-04-24,1725,4165,0,204,0,1236,0.0,2.799999952,0.0,0.0,,,
229,2320127002,2016-04-25,1654,3588,3,152,5,1280,0.230000004,1.99000001,0.200000003,0.0,,,
230,2320127002,2016-04-26,1632,3409,0,147,0,1293,0.0,2.299999952,0.0,0.0,,,
231,2320127002,2016-04-27,1481,1715,0,82,0,1358,0.0,1.159999967,0.0,0.0,,,
232,2320127002,2016-04-28,1473,1532,0,76,0,1364,0.0,1.029999971,0.0,0.0,,,
233,2320127002,2016-04-29,1410,924,0,45,0,1395,0.0,0.620000005,0.0,0.0,,,
234,2320127002,2016-04-30,1779,4571,0,234,0,1206,0.0,3.069999933,0.0,0.0,,,
235,2320127002,2016-05-01,1403,772,0,40,0,1400,0.0,0.519999981,0.0,0.0,,,
236,2320127002,2016-05-02,1613,3634,5,123,6,1306,0.360000014,1.879999995,0.209999993,0.0,,,
237,2320127002,2016-05-03,1878,7443,20,206,10,1204,1.49000001,3.160000086,0.370000005,0.0,,,
238,2320127002,2016-05-04,1426,1201,0,52,0,1388,0.0,0.810000002,0.0,0.0,,,
239,2320127002,2016-05-05,1780,5202,0,223,11,1206,0.0,3.109999895,0.389999986,0.0,,,
240,2320127002,2016-05-06,1742,4878,0,204,0,1236,0.0,3.289999962,0.0,0.0,,,
241,2320127002,2016-05-07,1972,7379,0,319,0,1121,0.0,4.96999979,0.0,0.0,,,
242,2320127002,2016-05-08,1821,5161,0,247,0,1193,0.0,3.470000029,0.0,0.0,,,
243,2320127002,2016-05-09,1630,3090,0,145,0,1295,0.0,2.079999924,0.0,0.0,,,
244,2320127002,2016-05-10,1899,6227,0,290,0,1150,0.0,4.199999809,0.0,0.0,,,
245,2320127002,2016-05-11,1903,6424,0,300,0,1140,0.0,4.329999924,0.0,0.0,,,
246,2320127002,2016-05-12,1125,2661,0,128,0,830,0.0,1.789999962,0.0,0.0,,,
247,2347167796,2016-04-12,2344,10113,28,320,13,964,2.0,4.199999809,0.620000005,0.0,,,
248,2347167796,2016-04-13,2038,10352,19,195,32,676,1.659999967,3.410000086,1.940000057,0.0,531.0,467.0,1.0
249,2347167796,2016-04-14,2010,10129,1,206,48,705,0.02,3.940000057,2.74000001,0.0,489.0,445.0,1.0
250,2347167796,2016-04-15,2133,10465,1,284,24,720,0.07,5.429999828,1.419999957,0.0,504.0,452.0,1.0
251,2347167796,2016-04-16,2670,22244,66,268,72,968,5.449999809,5.53000021,4.099999905,0.0,,,
252,2347167796,2016-04-17,1882,5472,1,249,7,508,0.079999998,3.25999999,0.280000001,0.0,602.0,556.0,1.0
253,2347167796,2016-04-18,1944,8247,11,206,16,678,0.790000021,3.789999962,0.860000014,0.0,557.0,500.0,1.0
254,2347167796,2016-04-19,2346,6711,0,382,7,648,0.0,4.440000057,0.0,0.0,514.0,465.0,1.0
255,2347167796,2016-04-20,2198,10999,11,269,43,1011,0.680000007,4.78000021,1.809999943,0.0,,,
256,2347167796,2016-04-21,2048,10080,23,208,26,761,1.850000024,3.380000114,1.529999971,0.0,484.0,460.0,1.0
257,2347167796,2016-04-22,1946,7804,9,206,27,781,0.560000002,2.920000076,1.679999948,0.0,461.0,405.0,1.0
258,2347167796,2016-04-23,2629,16901,32,360,35,591,2.779999971,7.150000095,1.450000048,0.0,386.0,374.0,1.0
259,2347167796,2016-04-24,2187,9471,0,360,0,584,0.0,6.260000229,0.0,0.0,459.0,442.0,1.0
260,2347167796,2016-04-25,2095,9482,15,277,11,653,1.269999981,4.599999905,0.519999981,0.0,471.0,433.0,1.0
261,2347167796,2016-04-26,1861,5980,0,227,0,732,0.0,3.950000048,0.0,0.0,490.0,436.0,1.0
262,2347167796,2016-04-27,2194,11423,26,295,9,623,1.860000014,5.320000172,0.400000006,0.0,499.0,448.0,1.0
263,2347167796,2016-04-28,1854,5439,0,229,0,764,0.0,3.599999905,0.0,0.0,450.0,408.0,1.0
264,2347167796,2016-04-29,403,42,0,4,0,2,0.0,0.029999999,0.0,0.0,473.0,411.0,1.0
265,2873212765,2016-04-12,1982,8796,2,356,21,1061,0.109999999,4.880000114,0.930000007,0.0,,,
266,2873212765,2016-04-13,2004,7618,0,404,8,1028,0.0,4.880000114,0.219999999,0.02,,,
267,2873212765,2016-04-14,1893,7910,0,331,0,1109,0.0,5.320000172,0.0,0.0,,,
268,2873212765,2016-04-15,2063,8482,0,448,0,992,0.0,5.690000057,0.0,0.01,,,
269,2873212765,2016-04-16,2148,9685,47,305,1,1087,3.109999895,3.50999999,0.02,0.01,,,
270,2873212765,2016-04-17,1529,2524,0,160,8,1272,0.0,1.340000033,0.349999994,0.0,,,
271,2873212765,2016-04-18,1890,7762,1,311,6,1122,0.07,4.889999866,0.280000001,0.0,,,
272,2873212765,2016-04-19,1956,7948,0,389,0,1051,0.0,5.360000134,0.0,0.0,,,
273,2873212765,2016-04-20,2094,9202,22,378,5,1035,1.50999999,4.659999847,0.119999997,0.01,,,
274,2873212765,2016-04-21,1970,8859,2,371,10,1057,0.129999995,5.46999979,0.370000005,0.01,,,
275,2873212765,2016-04-22,2241,7286,46,366,0,1028,0.460000008,4.420000076,0.0,0.02,,,
276,2873212765,2016-04-23,2021,9317,28,330,5,1077,2.089999914,4.019999981,0.230000004,0.01,,,
277,2873212765,2016-04-24,1898,6873,46,190,1,1203,3.0,1.620000005,0.059999999,0.0,,,
278,2873212765,2016-04-25,1907,7373,0,359,0,1081,0.0,4.949999809,0.0,0.0,,,
279,2873212765,2016-04-26,1882,8242,2,309,5,1124,0.119999997,5.239999771,0.180000007,0.0,,,
280,2873212765,2016-04-27,1966,3516,46,197,0,1197,0.0,2.359999895,0.0,0.0,,,
281,2873212765,2016-04-28,1835,7913,28,213,7,1192,2.160000086,2.910000086,0.340000004,0.0,,,
282,2873212765,2016-04-29,1780,7365,20,206,23,1191,1.360000014,2.180000067,1.409999967,0.0,,,
283,2873212765,2016-04-30,1830,8452,5,248,20,1167,0.330000013,4.260000229,1.080000043,0.01,,,
284,2873212765,2016-05-01,1739,7399,7,196,18,1219,0.49000001,3.440000057,1.039999962,0.0,,,
285,2873212765,2016-05-02,1878,7525,0,334,7,1099,0.0,4.829999924,0.209999993,0.02,,,
286,2873212765,2016-05-03,1906,7412,1,363,6,1070,0.059999999,4.659999847,0.25,0.01,,,
287,2873212765,2016-05-04,2015,8278,0,420,0,1020,0.0,5.559999943,0.0,0.0,,,
288,2873212765,2016-05-05,1971,8314,13,311,23,1093,0.779999971,4.03000021,0.800000012,0.0,,,
289,2873212765,2016-05-06,1910,7063,0,370,5,1065,0.0,4.610000134,0.119999997,0.01,,,
290,2873212765,2016-05-07,1897,4940,75,52,11,1302,2.279999971,0.550000012,0.550000012,0.0,,,
291,2873212765,2016-05-08,2096,8168,46,326,0,1068,2.900000095,2.640000105,0.0,0.0,,,
292,2873212765,2016-05-09,1906,7726,0,345,0,1095,0.0,5.190000057,0.0,0.0,,,
293,2873212765,2016-05-10,1962,8275,0,373,0,1067,0.0,5.550000191,0.0,0.01,,,
294,2873212765,2016-05-11,1826,6440,0,319,0,1121,0.0,4.320000172,0.0,0.01,,,
295,2873212765,2016-05-12,1431,7566,0,268,0,720,0.0,5.110000134,0.0,0.0,,,
296,3372868164,2016-04-12,1788,4747,0,280,0,1160,0.0,3.230000019,0.0,0.01,,,
297,3372868164,2016-04-13,2093,9715,16,371,8,1045,0.99000001,5.269999981,0.340000004,0.02,,,
298,3372868164,2016-04-14,2065,8844,6,370,25,1039,0.340000004,4.650000095,1.029999971,0.01,,,
299,3372868164,2016-04-15,1908,7451,0,335,0,1105,0.0,5.059999943,0.0,0.02,,,
300,3372868164,2016-04-16,1908,6905,0,356,0,1084,0.0,4.699999809,0.0,0.029999999,,,
301,3372868164,2016-04-17,1964,8199,11,322,2,1105,1.409999967,4.360000134,0.100000001,0.01,,,
302,3372868164,2016-04-18,2014,6798,20,343,7,1070,1.080000043,3.349999905,0.200000003,0.0,,,
303,3372868164,2016-04-19,1985,7711,0,376,0,1064,0.0,5.239999771,0.0,0.02,,,
304,3372868164,2016-04-20,1867,4880,15,274,3,1148,0.839999974,2.380000114,0.090000004,0.02,,,
305,3372868164,2016-04-21,2124,8857,18,376,9,1037,1.149999976,4.639999866,0.25999999,0.01,,,
306,3372868164,2016-04-22,1669,3843,0,206,0,1234,0.0,2.609999895,0.0,0.01,,,
307,3372868164,2016-04-23,1995,7396,20,303,2,1115,1.399999976,3.579999924,0.079999998,0.0,,,
308,3372868164,2016-04-24,1921,6731,14,292,7,1127,0.889999986,3.49000001,0.189999998,0.02,,,
309,3372868164,2016-04-25,2010,5995,0,416,0,1024,0.0,4.090000153,0.0,0.0,,,
310,3372868164,2016-04-26,2057,8283,22,333,2,1083,1.850000024,3.869999886,0.050000001,0.01,,,
311,3372868164,2016-04-27,2095,7904,24,346,13,1057,1.580000043,3.190000057,0.629999995,0.01,,,
312,3372868164,2016-04-28,1972,5512,0,385,0,1055,0.0,3.75999999,0.0,0.0,,,
313,3372868164,2016-04-29,2044,9135,0,402,0,1038,0.0,6.21999979,0.0,0.01,,,
314,3372868164,2016-04-30,1946,5250,17,300,4,1119,1.059999943,2.420000076,0.090000004,0.01,,,
315,3372868164,2016-05-01,1237,3077,0,172,0,842,0.0,2.089999914,0.0,0.0,,,
316,3977333714,2016-04-12,1450,8856,44,131,19,777,3.059999943,2.00999999,0.910000026,0.0,469.0,274.0,1.0
317,3977333714,2016-04-13,1495,10035,31,153,46,754,2.029999971,2.549999952,2.130000114,0.0,456.0,295.0,2.0
318,3977333714,2016-04-14,1433,7641,5,214,23,801,0.319999993,3.819999933,0.970000029,0.0,397.0,291.0,1.0
319,3977333714,2016-04-15,1468,9010,15,183,42,644,1.049999952,3.25999999,1.75,0.0,556.0,424.0,1.0
320,3977333714,2016-04-16,1625,13459,31,153,83,663,2.029999971,2.970000029,4.0,0.0,510.0,283.0,1.0
321,3977333714,2016-04-17,1529,10415,11,205,58,600,0.699999988,3.920000076,2.349999905,0.0,566.0,381.0,1.0
322,3977333714,2016-04-18,1584,11663,4,214,95,605,0.25,3.819999933,3.730000019,0.0,522.0,412.0,2.0
323,3977333714,2016-04-19,1638,12414,19,221,67,738,2.24000001,3.960000038,2.450000048,0.0,395.0,219.0,1.0
324,3977333714,2016-04-20,1554,11658,2,164,98,845,0.200000003,3.279999971,4.349999905,0.0,305.0,152.0,2.0
325,3977333714,2016-04-21,1397,6093,0,242,0,712,0.0,4.059999943,0.0,0.0,512.0,332.0,1.0
326,3977333714,2016-04-22,1481,8911,33,188,12,731,2.329999924,3.059999943,0.579999983,0.0,476.0,355.0,1.0
327,3977333714,2016-04-23,1638,12058,0,252,92,724,0.0,3.849999905,4.21999979,0.0,372.0,235.0,1.0
328,3977333714,2016-04-24,1655,14112,30,129,95,660,3.269999981,2.170000076,4.559999943,0.0,526.0,310.0,1.0
329,3977333714,2016-04-25,1570,11177,50,133,9,781,5.619999886,2.410000086,0.430000007,0.0,467.0,262.0,1.0
330,3977333714,2016-04-26,1551,11388,7,170,95,797,0.449999988,2.950000048,4.21999979,0.0,371.0,250.0,1.0
331,3977333714,2016-04-27,1377,7193,0,176,10,714,0.0,4.619999886,0.419999987,0.0,540.0,349.0,1.0
332,3977333714,2016-04-28,1407,7114,15,190,8,804,1.370000005,3.220000029,0.289999992,0.0,423.0,261.0,1.0
333,3977333714,2016-04-29,1545,10645,36,150,32,744,3.74000001,2.710000038,1.299999952,0.0,478.0,333.0,1.0
334,3977333714,2016-04-30,1650,13238,43,194,52,687,3.690000057,3.410000086,2.099999905,0.0,382.0,237.0,1.0
335,3977333714,2016-05-01,1501,10414,41,124,40,691,2.670000076,2.410000086,1.980000019,0.0,626.0,383.0,1.0
336,3977333714,2016-05-02,1760,16520,24,176,143,713,1.539999962,3.019999981,6.480000019,0.0,384.0,230.0,1.0
337,3977333714,2016-05-03,1710,14335,47,258,41,594,3.319999933,4.53000021,1.74000001,0.0,500.0,292.0,1.0
338,3977333714,2016-05-04,1628,13559,14,142,96,852,1.809999943,2.890000105,4.579999924,0.0,336.0,213.0,1.0
339,3977333714,2016-05-05,1618,12312,14,178,88,680,1.75999999,2.710000038,4.110000134,0.0,480.0,318.0,1.0
340,3977333714,2016-05-06,1590,11677,29,168,55,676,3.109999895,2.670000076,2.50999999,0.0,512.0,323.0,1.0
341,3977333714,2016-05-07,1574,11550,0,208,86,703,0.0,3.589999914,4.130000114,0.0,443.0,237.0,1.0
342,3977333714,2016-05-08,1633,13585,9,171,116,688,0.680000007,3.170000076,5.239999771,0.0,456.0,259.0,2.0
343,3977333714,2016-05-09,1667,14687,8,151,122,1159,0.769999981,3.549999952,5.599999905,0.0,,,
344,3977333714,2016-05-10,1630,13072,1,196,115,676,0.07,3.309999943,5.400000095,0.0,452.0,312.0,1.0
345,3977333714,2016-05-11,52,746,4,9,0,13,0.370000005,0.129999995,0.0,0.0,,,
346,4020332650,2016-04-12,3654,8539,4,331,15,712,0.150000006,5.679999828,0.239999995,0.0,541.0,501.0,1.0
347,4020332650,2016-04-13,1981,0,0,0,0,1440,0.0,0.0,0.0,0.0,,,
348,4020332650,2016-04-14,2011,108,0,3,0,1437,0.0,0.029999999,0.0,0.0,,,
349,4020332650,2016-04-15,2951,1882,36,87,18,1299,0.209999993,0.769999981,0.360000014,0.0,,,
350,4020332650,2016-04-16,3051,1982,65,55,21,1222,0.449999988,0.589999974,0.370000005,0.0,77.0,77.0,1.0
351,4020332650,2016-04-17,1990,16,0,2,0,1438,0.0,0.01,0.0,0.0,,,
352,4020332650,2016-04-18,1995,62,0,2,0,1438,0.0,0.039999999,0.0,0.0,,,
353,4020332650,2016-04-19,1980,0,0,0,0,1440,0.0,0.0,0.0,0.0,,,
354,4020332650,2016-04-20,1980,0,0,0,0,1440,0.0,0.0,0.0,0.0,,,
355,4020332650,2016-04-21,1980,0,0,0,0,1440,0.0,0.0,0.0,0.0,,,
356,4020332650,2016-04-22,1980,0,0,0,0,1440,0.0,0.0,0.0,0.0,,,
357,4020332650,2016-04-23,1980,0,0,0,0,1440,0.0,0.0,0.0,0.0,,,
358,4020332650,2016-04-24,1980,0,0,0,0,1440,0.0,0.0,0.0,0.0,,,
359,4020332650,2016-04-25,1980,0,0,0,0,1440,0.0,0.0,0.0,0.0,,,
360,4020332650,2016-04-26,1980,0,0,0,0,1440,0.0,0.0,0.0,0.0,,,
361,4020332650,2016-04-27,1980,0,0,0,0,1440,0.0,0.0,0.0,0.0,,,
362,4020332650,2016-04-28,1980,0,0,0,0,1440,0.0,0.0,0.0,0.0,,,
363,4020332650,2016-04-29,1980,0,0,0,0,1440,0.0,0.0,0.0,0.0,,,
364,4020332650,2016-04-30,1980,0,0,0,0,1440,0.0,0.0,0.0,0.0,,,
365,4020332650,2016-05-01,1980,0,0,0,0,1440,0.0,0.0,0.0,0.0,,,
366,4020332650,2016-05-02,2207,475,0,31,11,1350,0.0,0.289999992,0.039999999,0.0,,,
367,4020332650,2016-05-03,2828,4496,0,174,0,950,0.0,3.150000095,0.0,0.050000001,332.0,322.0,1.0
368,4020332650,2016-05-04,3879,10252,13,346,46,531,0.670000017,5.579999924,1.039999962,0.0,536.0,478.0,1.0
369,4020332650,2016-05-05,3429,11728,38,196,42,916,2.619999886,4.039999962,1.679999948,0.07,248.0,226.0,1.0
370,4020332650,2016-05-06,2704,4369,0,177,0,855,0.0,3.099999905,0.0,0.01,408.0,385.0,1.0
371,4020332650,2016-05-07,2975,6132,0,184,0,1256,0.0,3.579999924,0.0,0.0,,,
372,4020332650,2016-05-08,3089,5862,0,263,0,775,0.0,4.150000095,0.0,0.0,402.0,364.0,1.0
373,4020332650,2016-05-09,2785,4556,3,173,5,1225,0.200000003,2.940000057,0.119999997,0.0,,,
374,4020332650,2016-05-10,2926,5546,0,206,0,774,0.0,3.869999886,0.0,0.039999999,494.0,442.0,1.0
375,4020332650,2016-05-11,2645,3689,2,134,8,1296,0.109999999,2.329999924,0.170000002,0.0,,,
376,4020332650,2016-05-12,1120,590,0,21,0,721,0.0,0.409999996,0.0,0.0,,,
377,4057192912,2016-04-12,2286,5394,0,164,0,1276,0.0,3.940000057,0.0,0.0,,,
378,4057192912,2016-04-13,2306,5974,0,160,0,1280,0.0,4.369999886,0.0,0.0,,,
379,4057192912,2016-04-14,1776,0,0,0,0,1440,0.0,0.0,0.0,0.0,,,
380,4057192912,2016-04-15,1527,3984,3,88,6,873,0.209999993,2.440000057,0.25999999,0.0,,,
381,4319703577,2016-04-12,2115,7753,0,0,0,1440,0.0,0.0,0.0,0.0,,,
382,4319703577,2016-04-13,2135,8204,8,96,15,1234,0.529999971,1.309999943,0.589999974,0.0,,,
383,4319703577,2016-04-14,2302,10210,1,339,9,589,0.109999999,6.440000057,0.330000013,0.0,557.0,535.0,1.0
384,4319703577,2016-04-15,1985,5664,0,228,0,752,0.0,3.799999952,0.0,0.0,491.0,465.0,1.0
385,4319703577,2016-04-16,1884,4744,0,194,0,724,0.0,3.180000067,0.0,0.0,522.0,506.0,1.0
386,4319703577,2016-04-17,1464,29,0,3,0,1363,0.0,0.02,0.0,0.0,,,
387,4319703577,2016-04-18,1632,2276,1,58,9,824,0.07,1.120000005,0.330000013,0.0,551.0,515.0,1.0
388,4319703577,2016-04-19,2200,8925,0,311,0,604,0.0,5.989999771,0.0,0.0,498.0,461.0,2.0
389,4319703577,2016-04-20,2220,8954,0,306,18,671,0.0,5.309999943,0.680000007,0.0,543.0,523.0,1.0
390,4319703577,2016-04-21,1792,3702,0,34,0,1265,0.0,0.349999994,0.0,0.0,65.0,59.0,1.0
391,4319703577,2016-04-22,1886,4500,1,176,19,709,0.059999999,2.150000095,0.810000002,0.0,550.0,533.0,1.0
392,4319703577,2016-04-23,1945,4935,0,233,0,546,0.0,3.309999943,0.0,0.0,722.0,692.0,1.0
393,4319703577,2016-04-24,1880,4081,1,191,5,692,0.059999999,2.470000029,0.200000003,0.0,501.0,467.0,1.0
394,4319703577,2016-04-25,2314,9259,0,390,8,544,0.0,5.929999828,0.280000001,0.0,506.0,488.0,1.0
395,4319703577,2016-04-26,2236,9899,8,288,21,649,0.569999993,5.150000095,0.920000017,0.0,516.0,505.0,1.0
396,4319703577,2016-04-27,2324,10780,6,300,47,680,0.409999996,4.909999847,1.919999957,0.0,307.0,286.0,1.0
397,4319703577,2016-04-28,2367,10817,13,359,8,552,1.00999999,5.940000057,0.330000013,0.0,522.0,497.0,1.0
398,4319703577,2016-04-29,2175,7990,6,289,18,624,0.449999988,4.119999886,0.790000021,0.0,546.0,523.0,1.0
399,4319703577,2016-04-30,2092,8221,6,196,38,695,0.400000006,3.50999999,1.610000014,0.0,516.0,490.0,1.0
400,4319703577,2016-05-01,1593,1251,0,67,0,836,0.0,0.839999974,0.0,0.0,500.0,484.0,1.0
401,4319703577,2016-05-02,2270,9261,0,344,11,585,0.0,5.710000038,0.439999998,0.0,506.0,478.0,1.0
402,4319703577,2016-05-03,2235,9648,8,287,26,669,0.579999983,4.829999924,1.070000052,0.0,512.0,474.0,1.0
403,4319703577,2016-05-04,2282,10429,8,313,13,1106,0.589999974,5.849999905,0.579999983,0.0,,,
404,4319703577,2016-05-05,2530,13658,27,328,34,957,2.630000114,5.449999809,1.409999967,0.0,,,
405,4319703577,2016-05-06,2266,9524,6,314,11,692,0.409999996,5.460000038,0.469999999,0.0,491.0,450.0,1.0
406,4319703577,2016-05-07,2158,7937,3,279,28,586,0.189999998,4.079999924,1.049999952,0.0,530.0,507.0,1.0
407,4319703577,2016-05-08,1792,3672,0,153,0,603,0.0,2.460000038,0.0,0.0,638.0,602.0,1.0
408,4319703577,2016-05-09,2345,10378,2,374,14,490,0.140000001,6.25,0.560000002,0.0,565.0,535.0,1.0
409,4319703577,2016-05-10,2260,9487,3,329,12,555,0.209999993,5.699999809,0.460000008,0.0,517.0,487.0,1.0
410,4319703577,2016-05-11,2232,9129,3,311,18,574,0.200000003,5.179999828,0.74000001,0.0,558.0,529.0,1.0
411,4319703577,2016-05-12,257,17,0,2,0,0,0.0,0.01,0.0,0.0,321.0,302.0,1.0
412,4388161847,2016-04-12,2955,10122,0,0,0,1440,0.0,0.0,0.0,0.0,,,
413,4388161847,2016-04-13,3092,10993,1,150,14,1275,0.059999999,3.880000114,0.629999995,0.0,,,
414,4388161847,2016-04-14,2998,8863,10,219,35,945,0.129999995,5.619999886,1.070000052,0.0,,,
415,4388161847,2016-04-15,3066,8758,0,299,0,837,0.0,6.730000019,0.0,0.0,526.0,499.0,1.0
416,4388161847,2016-04-16,3073,6580,6,253,9,609,0.209999993,4.449999809,0.400000006,0.0,448.0,426.0,2.0
417,4388161847,2016-04-17,2572,4660,0,201,0,721,0.0,3.579999924,0.0,0.0,641.0,619.0,2.0
418,4388161847,2016-04-18,3274,11009,27,239,8,1017,3.559999943,5.139999866,0.400000006,0.0,104.0,99.0,1.0
419,4388161847,2016-04-19,3015,10181,20,249,16,704,1.370000005,5.769999981,0.689999998,0.0,338.0,329.0,1.0
420,4388161847,2016-04-20,3083,10553,19,228,42,696,1.100000024,5.289999962,1.720000029,0.0,451.0,421.0,1.0
421,4388161847,2016-04-21,3069,10055,7,272,12,853,0.370000005,6.980000019,0.389999986,0.0,458.0,442.0,1.0
422,4388161847,2016-04-22,3544,12139,77,220,25,945,3.299999952,4.920000076,1.110000014,0.0,85.0,82.0,1.0
423,4388161847,2016-04-23,3306,13236,58,215,5,749,4.5,5.349999905,0.319999993,0.0,501.0,478.0,1.0
424,4388161847,2016-04-24,2885,10243,14,239,8,584,1.080000043,6.300000191,0.50999999,0.0,595.0,552.0,3.0
425,4388161847,2016-04-25,3288,12961,11,301,31,1054,0.730000019,7.840000153,1.399999976,0.0,,,
426,4388161847,2016-04-26,2929,9461,14,224,23,673,0.939999998,5.269999981,1.059999943,0.0,346.0,319.0,1.0
427,4388161847,2016-04-27,3074,11193,11,241,48,684,0.699999988,5.389999866,2.50999999,0.0,500.0,439.0,1.0
428,4388161847,2016-04-28,2969,10074,19,234,9,878,1.289999962,6.03000021,0.430000007,0.0,458.0,428.0,1.0
429,4388161847,2016-04-29,2979,9232,13,236,16,1175,0.800000012,5.420000076,0.889999986,0.0,,,
430,4388161847,2016-04-30,3283,12533,14,300,43,537,0.699999988,6.940000057,2.0,0.0,430.0,409.0,2.0
431,4388161847,2016-05-01,2926,10255,12,241,15,579,1.00999999,6.199999809,0.680000007,0.0,597.0,547.0,1.0
432,4388161847,2016-05-02,3147,10096,33,204,4,935,3.769999981,4.550000191,0.079999998,0.0,376.0,368.0,2.0
433,4388161847,2016-05-03,3290,12727,18,306,18,984,1.129999995,7.880000114,0.779999971,0.0,,,
434,4388161847,2016-05-04,3162,12375,35,251,21,632,2.789999962,5.800000191,0.930000007,0.0,414.0,390.0,1.0
435,4388161847,2016-05-05,2899,9603,12,199,39,896,0.629999995,5.090000153,1.669999957,0.0,495.0,471.0,1.0
436,4388161847,2016-05-05,2899,9603,12,199,39,896,0.629999995,5.090000153,1.669999957,0.0,495.0,471.0,1.0
437,4388161847,2016-05-06,3425,13175,33,262,45,1100,2.109999895,5.929999828,2.089999914,0.0,,,
438,4388161847,2016-05-07,4022,22770,120,260,56,508,9.449999809,5.329999924,2.769999981,0.0,496.0,472.0,1.0
439,4388161847,2016-05-08,3934,17298,107,178,38,576,9.890000343,3.230000019,1.25999999,0.0,541.0,529.0,2.0
440,4388161847,2016-05-09,3013,10218,6,258,19,1020,0.340000004,6.789999962,0.730000019,0.0,65.0,62.0,1.0
441,4388161847,2016-05-10,3061,10299,13,267,14,648,0.810000002,6.460000038,0.649999976,0.0,375.0,354.0,1.0
442,4388161847,2016-05-11,2954,10201,8,256,18,858,0.529999971,6.53000021,0.790000021,0.0,494.0,469.0,1.0
443,4388161847,2016-05-12,1623,3369,0,108,0,825,0.0,2.589999914,0.0,0.0,,,
444,4445114986,2016-04-12,2113,3276,0,196,0,787,0.0,2.200000048,0.0,0.0,457.0,429.0,2.0
445,4445114986,2016-04-13,2095,2961,0,194,0,840,0.0,1.99000001,0.0,0.0,406.0,370.0,2.0
446,4445114986,2016-04-14,2194,3974,0,231,0,717,0.0,2.670000076,0.0,0.0,492.0,441.0,1.0
447,4445114986,2016-04-15,2496,7198,0,350,0,711,0.0,4.829999924,0.0,0.0,379.0,337.0,2.0
448,4445114986,2016-04-16,2180,3945,0,225,0,716,0.0,2.650000095,0.0,0.0,499.0,462.0,1.0
449,4445114986,2016-04-17,1933,2268,0,114,0,1219,0.0,1.519999981,0.0,0.0,107.0,98.0,1.0
450,4445114986,2016-04-18,2248,6155,25,162,6,1247,2.0,1.950000048,0.289999992,0.0,,,
451,4445114986,2016-04-19,1954,2064,0,121,0,895,0.0,1.389999986,0.0,0.0,424.0,388.0,2.0
452,4445114986,2016-04-20,1974,2072,0,137,0,841,0.0,1.389999986,0.0,0.0,462.0,439.0,1.0
453,4445114986,2016-04-21,2150,3809,0,215,0,756,0.0,2.539999962,0.0,0.0,469.0,436.0,1.0
454,4445114986,2016-04-22,2432,6831,0,317,0,706,0.0,4.579999924,0.0,0.0,417.0,388.0,1.0
455,4445114986,2016-04-23,2149,4363,0,201,0,1239,0.0,2.930000067,0.0,0.0,,,
456,4445114986,2016-04-24,2247,5002,0,244,0,1196,0.0,3.359999895,0.0,0.0,,,
457,4445114986,2016-04-25,2070,3385,0,179,0,916,0.0,2.269999981,0.0,0.0,345.0,328.0,1.0
458,4445114986,2016-04-26,2291,6326,29,180,1,839,2.410000086,1.960000038,0.039999999,0.0,391.0,353.0,2.0
459,4445114986,2016-04-27,2361,7243,32,194,1,839,2.619999886,2.380000114,0.029999999,0.0,374.0,332.0,1.0
460,4445114986,2016-04-28,2203,4493,0,236,0,762,0.0,3.00999999,0.0,0.0,442.0,419.0,1.0
461,4445114986,2016-04-29,2196,4676,0,226,0,1106,0.0,3.130000114,0.0,0.0,108.0,106.0,1.0
462,4445114986,2016-04-30,2363,6222,0,290,0,797,0.0,4.179999828,0.0,0.0,353.0,322.0,1.0
463,4445114986,2016-05-01,2246,5232,0,240,0,741,0.0,3.50999999,0.0,0.0,459.0,439.0,2.0
464,4445114986,2016-05-02,2336,6910,27,200,4,667,2.210000038,2.349999905,0.189999998,0.0,542.0,502.0,1.0
465,4445114986,2016-05-03,2421,7502,30,233,2,725,2.480000019,2.579999924,0.109999999,0.0,450.0,417.0,2.0
466,4445114986,2016-05-04,2070,2923,0,180,0,897,0.0,1.960000038,0.0,0.0,363.0,337.0,2.0
467,4445114986,2016-05-05,2120,3800,2,185,6,734,0.119999997,2.180000067,0.239999995,0.0,513.0,462.0,2.0
468,4445114986,2016-05-06,2211,4514,0,229,0,809,0.0,3.029999971,0.0,0.0,402.0,374.0,2.0
469,4445114986,2016-05-07,2123,5183,26,108,4,866,2.130000114,1.25,0.189999998,0.0,436.0,401.0,2.0
470,4445114986,2016-05-08,2423,7303,0,308,8,733,0.0,4.650000095,0.25,0.0,391.0,361.0,1.0
471,4445114986,2016-05-09,2281,5275,0,266,0,641,0.0,3.539999962,0.0,0.0,533.0,457.0,1.0
472,4445114986,2016-05-10,2181,3915,0,231,0,783,0.0,2.630000114,0.0,0.0,426.0,405.0,1.0
473,4445114986,2016-05-11,2499,9105,34,232,22,622,2.25,2.859999895,1.0,0.0,530.0,499.0,1.0
474,4445114986,2016-05-12,1212,768,0,58,0,380,0.0,0.519999981,0.0,0.0,501.0,483.0,1.0
475,4558609924,2016-04-12,1909,5135,0,318,0,1122,0.0,3.390000105,0.0,0.0,,,
476,4558609924,2016-04-13,1722,4978,19,127,7,1287,1.24000001,1.610000014,0.439999998,0.0,,,
477,4558609924,2016-04-14,1922,6799,0,279,0,1161,0.0,4.489999771,0.0,0.0,,,
478,4558609924,2016-04-15,2121,7795,17,262,30,1131,0.589999974,3.730000019,0.839999974,0.0,,,
479,4558609924,2016-04-16,1997,7289,8,308,12,1112,0.550000012,3.5,0.75,0.0,,,
480,4558609924,2016-04-17,2117,9634,7,304,19,1110,0.550000012,4.710000038,1.139999986,0.0,,,
481,4558609924,2016-04-18,2116,8940,14,331,15,1080,0.980000019,4.0,0.930000007,0.0,,,
482,4558609924,2016-04-19,1876,5401,1,248,9,1182,0.050000001,3.160000086,0.360000014,0.0,,,
483,4558609924,2016-04-20,1788,4803,0,222,0,1218,0.0,3.170000076,0.0,0.0,,,
484,4558609924,2016-04-21,2486,13743,6,432,21,844,0.419999987,7.699999809,0.970000029,0.0,137.0,126.0,1.0
485,4558609924,2016-04-22,2094,9601,20,273,25,1122,1.370000005,3.470000029,1.5,0.0,,,
486,4558609924,2016-04-23,2085,6890,5,308,5,1122,0.340000004,4.010000229,0.200000003,0.0,,,
487,4558609924,2016-04-24,2173,8563,0,395,0,1045,0.0,5.650000095,0.0,0.0,,,
488,4558609924,2016-04-25,2225,8095,18,340,10,993,0.589999974,4.510000229,0.25,0.0,,,
489,4558609924,2016-04-26,2223,9148,12,283,41,1062,0.430000007,3.589999914,2.029999971,0.0,121.0,103.0,1.0
490,4558609924,2016-04-27,2098,9557,27,312,14,1087,1.960000038,3.460000038,0.889999986,0.0,,,
491,4558609924,2016-04-28,2185,9451,1,367,11,985,0.02,5.949999809,0.270000011,0.0,,,
492,4558609924,2016-04-29,1918,7833,15,197,29,1096,1.019999981,2.309999943,1.850000024,0.0,179.0,171.0,1.0
493,4558609924,2016-04-30,2105,10319,7,293,29,1111,0.469999999,4.460000038,1.889999986,0.0,,,
494,4558609924,2016-05-01,1692,3428,0,190,0,1121,0.0,2.269999981,0.0,0.0,129.0,115.0,1.0
495,4558609924,2016-05-02,2066,7891,0,383,0,1057,0.0,5.21999979,0.0,0.0,,,
496,4558609924,2016-05-03,1953,5267,21,237,10,1172,0.600000024,2.599999905,0.280000001,0.0,,,
497,4558609924,2016-05-04,1842,5232,0,252,0,1188,0.0,3.460000038,0.0,0.0,,,
498,4558609924,2016-05-05,2262,10611,14,370,8,1048,1.00999999,5.510000229,0.5,0.0,,,
499,4558609924,2016-05-06,1722,3755,0,202,0,1238,0.0,2.480000019,0.0,0.0,,,
500,4558609924,2016-05-07,1973,8237,23,233,16,1116,1.610000014,2.829999924,1.0,0.0,,,
501,4558609924,2016-05-08,2666,6543,66,238,35,1019,1.799999952,2.019999981,0.5,0.0,134.0,123.0,1.0
502,4558609924,2016-05-09,2223,11451,6,339,30,1065,0.430000007,5.519999981,1.620000005,0.0,,,
503,4558609924,2016-05-10,1889,6435,11,220,18,1191,0.74000001,2.390000105,1.120000005,0.0,,,
504,4558609924,2016-05-11,2131,9108,4,324,31,1081,0.25999999,3.940000057,1.820000052,0.0,,,
505,4558609924,2016-05-12,1452,6307,0,247,0,736,0.0,4.170000076,0.0,0.0,,,
506,4702921684,2016-04-12,2947,7213,0,263,0,718,0.0,5.849999905,0.0,0.0,439.0,425.0,1.0
507,4702921684,2016-04-13,2898,6877,0,258,0,777,0.0,5.579999924,0.0,0.0,430.0,400.0,2.0
508,4702921684,2016-04-14,2984,7860,0,271,0,772,0.0,6.369999886,0.0,0.0,415.0,384.0,1.0
509,4702921684,2016-04-15,2896,6506,1,256,8,944,0.07,4.789999962,0.419999987,0.0,257.0,253.0,1.0
510,4702921684,2016-04-16,3328,11140,3,335,24,556,0.239999995,7.539999962,1.25,0.0,406.0,382.0,2.0
511,4702921684,2016-04-17,3394,12692,12,302,66,437,0.959999979,5.880000114,3.460000038,0.0,612.0,591.0,1.0
512,4702921684,2016-04-18,3013,9105,22,191,30,890,1.820000052,4.070000172,1.49000001,0.0,312.0,293.0,1.0
513,4702921684,2016-04-19,2812,6708,10,179,8,757,0.879999995,4.190000057,0.370000005,0.0,487.0,457.0,1.0
514,4702921684,2016-04-20,3061,8793,2,260,29,717,0.159999996,5.730000019,1.230000019,0.0,468.0,454.0,1.0
515,4702921684,2016-04-21,2729,6530,4,144,41,901,0.310000002,2.940000057,2.049999952,0.0,434.0,425.0,1.0
516,4702921684,2016-04-22,2241,1664,0,72,0,1341,0.0,1.350000024,0.0,0.0,,,
517,4702921684,2016-04-23,3691,15126,9,408,66,469,0.75999999,8.270000458,3.24000001,0.0,475.0,465.0,1.0
518,4702921684,2016-04-24,3538,15050,15,281,95,542,1.200000048,5.880000114,5.119999886,0.0,506.0,480.0,1.0
519,4702921684,2016-04-25,3064,9167,6,270,15,730,0.49000001,6.110000134,0.819999993,0.0,380.0,370.0,1.0
520,4702921684,2016-04-26,2784,6108,1,216,8,765,0.07,4.539999962,0.349999994,0.0,429.0,421.0,1.0
521,4702921684,2016-04-27,2908,7047,1,238,16,733,0.090000004,4.78000021,0.800000012,0.0,449.0,432.0,1.0
522,4702921684,2016-04-28,3033,9023,14,232,9,738,1.129999995,5.769999981,0.419999987,0.0,461.0,442.0,1.0
523,4702921684,2016-04-29,3165,9930,12,267,19,692,1.059999943,6.070000172,0.920000017,0.0,447.0,433.0,1.0
524,4702921684,2016-04-30,3115,10144,4,263,36,728,0.319999993,5.880000114,2.029999971,0.0,501.0,479.0,1.0
525,4702921684,2016-05-01,2017,0,0,0,0,1440,0.0,0.0,0.0,0.0,,,
526,4702921684,2016-05-02,2859,7245,5,195,40,1131,0.379999995,3.75999999,1.74000001,0.0,,,
527,4702921684,2016-05-03,3145,9454,0,313,0,729,0.0,7.670000076,0.0,0.0,373.0,327.0,1.0
528,4702921684,2016-05-04,3004,8161,4,251,15,757,0.340000004,5.539999962,0.730000019,0.0,434.0,412.0,1.0
529,4702921684,2016-05-05,3006,8614,8,241,5,745,0.670000017,6.090000153,0.219999999,0.0,428.0,414.0,1.0
530,4702921684,2016-05-06,2859,6943,1,207,16,682,0.079999998,4.869999886,0.660000026,0.0,449.0,404.0,1.0
531,4702921684,2016-05-07,3683,14370,5,439,46,577,0.370000005,8.970000267,2.309999943,0.0,543.0,520.0,1.0
532,4702921684,2016-05-07,3683,14370,5,439,46,577,0.370000005,8.970000267,2.309999943,0.0,543.0,520.0,1.0
533,4702921684,2016-05-08,3287,12857,9,192,125,1019,0.680000007,3.539999962,6.210000038,0.0,,,
534,4702921684,2016-05-09,2990,8232,0,253,12,746,0.0,6.099999905,0.569999993,0.0,458.0,435.0,1.0
535,4702921684,2016-05-10,3172,10613,1,262,37,701,0.079999998,6.650000095,1.879999995,0.0,431.0,416.0,1.0
536,4702921684,2016-05-11,3069,9810,10,235,41,784,0.779999971,4.980000019,2.160000086,0.0,366.0,354.0,1.0
537,4702921684,2016-05-12,1240,2752,0,68,0,241,0.0,2.230000019,0.0,0.0,442.0,404.0,1.0
538,5553957443,2016-04-12,2026,11596,19,277,13,767,1.370000005,5.409999847,0.790000021,0.0,464.0,441.0,1.0
539,5553957443,2016-04-13,1718,4832,0,226,0,647,0.0,3.160000086,0.0,0.0,488.0,455.0,2.0
540,5553957443,2016-04-14,2324,17022,61,256,41,693,4.0,4.670000076,2.450000048,0.0,418.0,357.0,1.0
541,5553957443,2016-04-15,2254,16556,58,239,38,689,4.159999847,4.710000038,1.980000019,0.0,409.0,377.0,1.0
542,5553957443,2016-04-16,1831,5771,0,288,0,521,0.0,3.769999981,0.0,0.0,686.0,651.0,2.0
543,5553957443,2016-04-17,1397,655,0,46,0,943,0.0,0.430000007,0.0,0.0,402.0,350.0,1.0
544,5553957443,2016-04-18,1683,3727,0,206,0,622,0.0,2.430000067,0.0,0.0,541.0,520.0,2.0
545,5553957443,2016-04-19,2284,15482,69,249,28,756,4.28000021,4.179999828,1.659999967,0.0,410.0,357.0,1.0
546,5553957443,2016-04-20,1570,2713,0,148,0,598,0.0,1.769999981,0.0,0.0,678.0,658.0,1.0
547,5553957443,2016-04-21,2066,12346,47,177,42,801,2.950000048,2.960000038,2.160000086,0.0,431.0,399.0,1.0
548,5553957443,2016-04-22,2105,11682,25,270,16,781,1.379999995,5.599999905,0.629999995,0.0,353.0,322.0,1.0
549,5553957443,2016-04-23,1776,4112,0,272,0,443,0.0,2.680000067,0.0,0.0,725.0,631.0,2.0
550,5553957443,2016-04-24,1507,1807,0,104,0,582,0.0,1.179999948,0.0,0.0,640.0,553.0,2.0
551,5553957443,2016-04-25,2033,10946,51,201,11,732,2.930000067,3.690000057,0.569999993,0.0,468.0,433.0,1.0
552,5553957443,2016-04-26,2093,11886,40,238,18,750,2.369999886,4.460000038,0.930000007,0.0,453.0,412.0,1.0
553,5553957443,2016-04-27,1922,10538,16,206,16,745,1.139999986,4.739999771,1.0,0.0,391.0,347.0,1.0
554,5553957443,2016-04-28,1999,11393,49,165,13,727,3.710000038,3.170000076,0.75,0.0,457.0,421.0,1.0
555,5553957443,2016-04-29,2169,12764,46,270,15,709,2.789999962,4.909999847,0.639999986,0.0,495.0,450.0,1.0
556,5553957443,2016-04-30,1463,1202,0,84,0,506,0.0,0.779999971,0.0,0.0,843.0,775.0,2.0
557,5553957443,2016-05-01,1747,5164,0,237,0,436,0.0,3.369999886,0.0,0.0,686.0,622.0,2.0
558,5553957443,2016-05-02,1996,9769,23,227,9,724,1.059999943,4.900000095,0.409999996,0.0,471.0,409.0,1.0
559,5553957443,2016-05-03,2116,12848,26,247,29,812,1.5,5.679999828,1.200000048,0.0,429.0,380.0,1.0
560,5553957443,2016-05-04,1698,4249,0,224,0,651,0.0,2.769999981,0.0,0.0,470.0,447.0,1.0
561,5553957443,2016-05-05,2156,14331,44,241,29,692,3.430000067,4.429999828,1.659999967,0.0,464.0,419.0,1.0
562,5553957443,2016-05-06,1916,9632,21,229,9,761,1.519999981,4.230000019,0.540000021,0.0,434.0,400.0,1.0
563,5553957443,2016-05-07,1494,1868,0,96,0,902,0.0,1.220000029,0.0,0.0,470.0,442.0,1.0
564,5553957443,2016-05-08,1762,6083,3,210,8,505,0.219999999,3.299999952,0.469999999,0.0,608.0,568.0,1.0
565,5553957443,2016-05-09,2272,11611,59,251,22,667,2.130000114,4.559999943,0.889999986,0.0,494.0,453.0,1.0
566,5553957443,2016-05-10,2335,16358,61,265,40,707,3.869999886,5.199999809,1.610000014,0.0,443.0,418.0,1.0
567,5553957443,2016-05-11,1693,4926,0,195,0,628,0.0,3.220000029,0.0,0.0,486.0,463.0,1.0
568,5553957443,2016-05-12,741,3121,8,48,6,222,0.579999983,1.059999943,0.400000006,0.0,475.0,438.0,1.0
569,5577150313,2016-04-12,3405,8135,86,140,16,728,3.599999905,2.099999905,0.379999995,0.0,438.0,419.0,1.0
570,5577150313,2016-04-13,2551,5077,15,144,11,776,0.319999993,3.25,0.219999999,0.0,458.0,432.0,1.0
571,5577150313,2016-04-14,4022,8596,118,176,30,662,3.329999924,2.779999971,0.310000002,0.0,497.0,477.0,1.0
572,5577150313,2016-04-15,4005,12087,115,199,54,695,3.920000076,3.559999943,1.600000024,0.0,413.0,392.0,1.0
573,5577150313,2016-04-16,4274,14269,184,158,56,472,6.639999866,2.730000019,1.279999971,0.0,445.0,406.0,1.0
574,5577150313,2016-04-17,4552,12231,200,159,37,525,5.980000019,2.319999933,0.829999983,0.0,583.0,549.0,1.0
575,5577150313,2016-04-18,3625,9893,114,130,32,623,4.860000134,1.820000052,0.720000029,0.0,553.0,527.0,1.0
576,5577150313,2016-04-19,3501,12574,108,111,23,733,7.019999981,1.75999999,0.639999986,0.0,465.0,449.0,1.0
577,5577150313,2016-04-20,3192,8330,87,113,16,773,4.119999886,1.75999999,0.340000004,0.0,480.0,447.0,1.0
578,5577150313,2016-04-21,4018,10830,110,175,74,670,3.650000095,2.779999971,1.659999967,0.0,437.0,414.0,1.0
579,5577150313,2016-04-22,3329,9172,62,200,30,823,2.420000076,3.299999952,0.790000021,0.0,366.0,338.0,1.0
580,5577150313,2016-04-23,3152,7638,24,223,24,627,1.210000038,4.139999866,0.360000014,0.0,402.0,384.0,1.0
581,5577150313,2016-04-24,4392,15764,210,141,65,425,7.650000095,1.980000019,2.150000095,0.0,615.0,543.0,1.0
582,5577150313,2016-04-25,3374,6393,61,214,38,743,1.350000024,2.75999999,0.670000017,0.0,461.0,421.0,1.0
583,5577150313,2016-04-26,3088,5325,38,181,32,759,0.850000024,2.470000029,0.649999976,0.0,377.0,354.0,1.0
584,5577150313,2016-04-27,3294,6805,63,190,16,773,1.809999943,2.930000067,0.400000006,0.0,452.0,424.0,1.0
585,5577150313,2016-04-28,3580,9841,99,141,51,692,3.25,3.00999999,1.169999957,0.0,372.0,361.0,1.0
586,5577150313,2016-04-29,3544,7924,97,165,36,739,2.839999914,2.470000029,0.610000014,0.0,485.0,459.0,1.0
587,5577150313,2016-04-30,4501,12363,207,163,45,621,5.829999924,2.609999895,0.790000021,0.0,433.0,412.0,1.0
588,5577150313,2016-05-01,4546,13368,194,178,72,499,5.309999943,3.24000001,1.440000057,0.0,398.0,379.0,1.0
589,5577150313,2016-05-02,3014,7439,37,235,20,732,1.120000005,4.070000172,0.349999994,0.0,553.0,525.0,2.0
590,5577150313,2016-05-03,3795,11045,97,212,8,580,4.519999981,3.569999933,0.150000006,0.0,543.0,508.0,1.0
591,5577150313,2016-05-04,2755,5206,25,141,9,631,1.559999943,2.079999924,0.25,0.0,634.0,603.0,1.0
592,5577150313,2016-05-05,3004,7550,45,143,21,1153,2.5,2.670000076,0.469999999,0.0,78.0,74.0,1.0
593,5577150313,2016-05-06,2643,4950,41,79,16,1304,1.929999948,1.450000048,0.319999993,0.0,,,
594,5577150313,2016-05-07,1819,0,0,0,0,1440,0.0,0.0,0.0,0.0,,,
595,5577150313,2016-05-08,1819,0,0,0,0,1440,0.0,0.0,0.0,0.0,,,
596,5577150313,2016-05-09,2489,3421,34,70,11,1099,1.429999948,0.99000001,0.140000001,0.0,,,
597,5577150313,2016-05-10,3841,8869,104,194,37,639,2.559999943,3.349999905,0.75,0.0,562.0,504.0,1.0
598,5577150313,2016-05-11,1665,4038,45,63,15,257,1.830000043,0.889999986,0.300000012,0.0,476.0,431.0,1.0
599,6117666160,2016-04-12,1496,0,0,0,0,1440,0.0,0.0,0.0,0.0,,,
600,6117666160,2016-04-13,1496,0,0,0,0,1440,0.0,0.0,0.0,0.0,,,
601,6117666160,2016-04-14,1496,0,0,0,0,1440,0.0,0.0,0.0,0.0,,,
602,6117666160,2016-04-15,2865,14019,0,513,6,921,0.0,10.30000019,0.280000001,0.0,,,
603,6117666160,2016-04-16,2828,14450,7,518,15,502,0.579999983,9.479999542,0.850000024,0.0,398.0,380.0,1.0
604,6117666160,2016-04-17,2225,7150,0,312,0,702,0.0,5.400000095,0.0,0.0,350.0,336.0,2.0
605,6117666160,2016-04-18,2018,5153,0,241,0,759,0.0,3.890000105,0.0,0.0,510.0,493.0,2.0
606,6117666160,2016-04-19,2606,11135,0,480,0,425,0.0,8.409999847,0.0,0.0,492.0,465.0,1.0
607,6117666160,2016-04-20,2536,10449,26,349,10,587,2.029999971,5.519999981,0.479999989,0.0,502.0,474.0,1.0
608,6117666160,2016-04-21,4900,19542,11,294,19,579,0.980000019,5.619999886,0.400000006,0.0,550.0,508.0,1.0
609,6117666160,2016-04-22,2409,8206,0,402,0,413,0.0,6.199999809,0.0,0.0,546.0,480.0,1.0
610,6117666160,2016-04-23,2651,11495,0,512,0,468,0.0,8.680000305,0.0,0.0,539.0,492.0,1.0
611,6117666160,2016-04-24,2305,7623,0,362,0,711,0.0,5.760000229,0.0,0.0,367.0,353.0,1.0
612,6117666160,2016-04-25,1497,0,0,0,0,1440,0.0,0.0,0.0,0.0,,,
613,6117666160,2016-04-26,2450,9543,0,352,7,1077,0.0,6.869999886,0.340000004,0.0,,,
614,6117666160,2016-04-27,2576,9411,0,458,0,417,0.0,7.110000134,0.0,0.0,557.0,542.0,1.0
615,6117666160,2016-04-28,1879,3403,0,141,0,758,0.0,2.599999905,0.0,0.0,416.0,393.0,1.0
616,6117666160,2016-04-29,2560,9592,0,461,0,479,0.0,7.239999771,0.0,0.0,636.0,600.0,1.0
617,6117666160,2016-04-30,2275,6987,0,343,0,1040,0.0,5.28000021,0.0,0.0,,,
618,6117666160,2016-05-01,2361,8915,0,397,0,525,0.0,6.730000019,0.0,0.0,575.0,507.0,1.0
619,6117666160,2016-05-02,2044,4933,0,236,0,1204,0.0,3.730000019,0.0,0.0,,,
620,6117666160,2016-05-03,1496,0,0,0,0,1440,0.0,0.0,0.0,0.0,,,
621,6117666160,2016-05-04,1902,2997,0,156,0,1279,0.0,2.25999999,0.0,0.0,,,
622,6117666160,2016-05-05,2636,9799,0,487,0,479,0.0,7.400000095,0.0,0.0,415.0,392.0,1.0
623,6117666160,2016-05-06,1838,3365,0,133,0,673,0.0,2.680000067,0.0,0.0,698.0,658.0,2.0
624,6117666160,2016-05-07,2469,7336,0,412,0,456,0.0,5.539999962,0.0,0.0,507.0,498.0,2.0
625,6117666160,2016-05-08,2250,7328,0,318,0,517,0.0,5.53000021,0.0,0.0,603.0,555.0,1.0
626,6117666160,2016-05-09,1248,4477,0,197,0,125,0.0,3.380000114,0.0,0.0,522.0,492.0,1.0
627,6290855005,2016-04-12,2560,4562,0,199,0,1241,0.0,3.450000048,0.0,0.0,,,
628,6290855005,2016-04-13,2905,7142,0,350,0,1090,0.0,5.389999866,0.0,0.01,,,
629,6290855005,2016-04-14,2952,7671,0,363,0,1077,0.0,5.769999981,0.0,0.029999999,,,
630,6290855005,2016-04-15,2896,9501,0,328,0,1112,0.0,7.170000076,0.0,0.01,,,
631,6290855005,2016-04-16,2783,8301,0,258,0,1182,0.0,6.269999981,0.0,0.01,,,
632,6290855005,2016-04-17,3171,7851,31,225,12,1172,1.139999986,4.0,0.790000021,0.0,,,
633,6290855005,2016-04-18,2766,6885,0,271,0,1169,0.0,5.190000057,0.0,0.02,,,
634,6290855005,2016-04-19,2839,7142,0,321,0,1119,0.0,5.389999866,0.0,0.01,,,
635,6290855005,2016-04-20,2701,6361,0,258,0,1182,0.0,4.800000191,0.0,0.01,,,
636,6290855005,2016-04-21,2060,0,0,0,0,1440,0.0,0.0,0.0,0.0,,,
637,6290855005,2016-04-22,2796,6238,0,302,0,1138,0.0,4.71999979,0.0,0.0,,,
638,6290855005,2016-04-23,2664,0,33,0,0,1407,0.0,0.0,0.0,0.0,,,
639,6290855005,2016-04-24,2703,5896,0,258,0,1182,0.0,4.460000038,0.0,0.0,,,
640,6290855005,2016-04-25,2771,7802,8,249,3,1180,0.680000007,5.03000021,0.180000007,0.01,,,
641,6290855005,2016-04-26,2060,0,0,0,0,1440,0.0,0.0,0.0,0.0,,,
642,6290855005,2016-04-27,2743,5565,0,287,0,1153,0.0,4.179999828,0.0,0.029999999,,,
643,6290855005,2016-04-28,2687,5731,0,255,0,1185,0.0,4.329999924,0.0,0.0,,,
644,6290855005,2016-04-29,2060,0,0,0,0,1440,0.0,0.0,0.0,0.0,,,
645,6290855005,2016-04-30,2843,6744,0,324,0,1116,0.0,5.090000153,0.0,0.01,,,
646,6290855005,2016-05-01,3327,9837,8,282,95,1055,0.660000026,4.0,2.75,0.02,,,
647,6290855005,2016-05-02,2725,6781,0,268,0,1172,0.0,5.110000134,0.0,0.02,,,
648,6290855005,2016-05-03,2671,6047,0,240,0,1200,0.0,4.570000172,0.0,0.0,,,
649,6290855005,2016-05-04,2718,5832,0,272,0,1168,0.0,4.400000095,0.0,0.01,,,
650,6290855005,2016-05-05,2682,6339,0,239,0,1201,0.0,4.789999962,0.0,0.0,,,
651,6290855005,2016-05-06,2806,6116,0,305,0,1135,0.0,4.590000153,0.0,0.029999999,,,
652,6290855005,2016-05-07,2613,5510,0,227,0,1213,0.0,4.159999847,0.0,0.0,,,
653,6290855005,2016-05-08,2712,7706,0,251,0,1189,0.0,5.820000172,0.0,0.0,,,
654,6290855005,2016-05-09,2175,6277,0,264,0,800,0.0,4.730000019,0.0,0.02,,,
655,6290855005,2016-05-10,0,0,0,0,0,1440,0.0,0.0,0.0,0.0,,,
656,6775888955,2016-04-12,1841,0,0,0,0,1440,0.0,0.0,0.0,0.0,,,
657,6775888955,2016-04-13,2400,4053,17,85,18,1053,1.110000014,1.220000029,0.579999983,0.0,260.0,235.0,1.0
658,6775888955,2016-04-14,2507,5162,14,105,24,863,0.870000005,1.970000029,0.860000014,0.0,441.0,423.0,1.0
659,6775888955,2016-04-15,2127,1282,0,58,0,976,0.0,0.920000017,0.0,0.0,406.0,391.0,1.0
660,6775888955,2016-04-16,2225,4732,36,9,18,1377,2.519999981,0.059999999,0.810000002,0.0,,,
661,6775888955,2016-04-17,2067,2497,5,19,24,1392,0.349999994,0.310000002,1.129999995,0.0,,,
662,6775888955,2016-04-18,2798,8294,30,146,31,1233,2.0,3.170000076,0.769999981,0.0,,,
663,6775888955,2016-04-19,1841,0,0,0,0,1440,0.0,0.0,0.0,0.0,,,
664,6775888955,2016-04-20,3727,10771,70,178,113,1079,3.769999981,2.220000029,1.74000001,0.0,,,
665,6775888955,2016-04-21,1841,0,0,0,0,1440,0.0,0.0,0.0,0.0,,,
666,6775888955,2016-04-22,1922,637,0,20,0,1420,0.0,0.460000008,0.0,0.0,,,
667,6775888955,2016-04-23,1841,0,0,0,0,1440,0.0,0.0,0.0,0.0,,,
668,6775888955,2016-04-24,2053,2153,11,11,18,1400,0.769999981,0.150000006,0.620000005,0.0,,,
669,6775888955,2016-04-25,2484,6474,33,92,13,1302,2.269999981,1.899999976,0.460000008,0.0,,,
670,6775888955,2016-04-26,2584,7091,42,47,30,1321,3.480000019,0.730000019,0.870000005,0.0,,,
671,6775888955,2016-04-27,1841,0,0,0,0,1440,0.0,0.0,0.0,0.0,,,
672,6775888955,2016-04-28,1993,703,2,15,13,1410,0.059999999,0.239999995,0.200000003,0.0,,,
673,6775888955,2016-04-29,1841,0,0,0,0,1440,0.0,0.0,0.0,0.0,,,
674,6775888955,2016-04-30,2280,2503,3,84,9,1344,0.159999996,1.480000019,0.159999996,0.0,,,
675,6775888955,2016-05-01,2319,2487,9,50,34,1347,0.479999989,0.680000007,0.620000005,0.0,,,
676,6775888955,2016-05-02,1841,0,0,0,0,1440,0.0,0.0,0.0,0.0,,,
677,6775888955,2016-05-03,1843,9,0,1,0,1439,0.0,0.01,0.0,0.0,,,
678,6775888955,2016-05-04,1841,0,0,0,0,1440,0.0,0.0,0.0,0.0,,,
679,6775888955,2016-05-05,1841,0,0,0,0,1440,0.0,0.0,0.0,0.0,,,
680,6775888955,2016-05-06,2496,4697,12,75,35,1318,0.469999999,1.929999948,0.930000007,0.0,,,
681,6775888955,2016-05-07,1032,1967,2,49,5,551,0.129999995,1.049999952,0.239999995,0.0,,,
682,6962181067,2016-04-12,1994,10199,50,189,14,796,3.400000095,2.50999999,0.829999983,0.0,387.0,366.0,1.0
683,6962181067,2016-04-13,1718,5652,8,142,24,548,0.569999993,1.960000038,1.210000038,0.0,679.0,630.0,3.0
684,6962181067,2016-04-14,1466,1551,0,86,0,862,0.0,1.029999971,0.0,0.0,535.0,508.0,2.0
685,6962181067,2016-04-15,1756,5563,0,217,0,837,0.0,3.680000067,0.0,0.0,386.0,370.0,1.0
686,6962181067,2016-04-16,2173,13217,50,280,3,741,3.660000086,4.880000114,0.189999998,0.0,366.0,357.0,1.0
687,6962181067,2016-04-17,2027,10145,5,295,13,634,0.330000013,5.690000057,0.680000007,0.0,446.0,427.0,1.0
688,6962181067,2016-04-18,2039,11404,13,238,42,689,0.829999983,4.320000172,2.390000105,0.0,458.0,442.0,1.0
689,6962181067,2016-04-19,2046,10742,35,195,41,659,2.099999905,2.869999886,2.130000114,0.0,535.0,476.0,1.0
690,6962181067,2016-04-20,2174,13928,48,297,4,639,4.28000021,5.090000153,0.189999998,0.0,424.0,418.0,1.0
691,6962181067,2016-04-21,2179,11835,53,214,27,708,3.99000001,3.50999999,2.099999905,0.109999999,457.0,451.0,1.0
692,6962181067,2016-04-22,2086,10725,30,240,33,659,1.769999981,3.769999981,1.549999952,0.0,435.0,425.0,1.0
693,6962181067,2016-04-23,2571,20031,58,347,41,484,4.199999809,7.039999962,2.0,0.0,546.0,528.0,1.0
694,6962181067,2016-04-24,1705,5029,0,199,0,720,0.0,3.319999933,0.0,0.0,514.0,511.0,1.0
695,6962181067,2016-04-25,2194,13239,35,282,31,637,3.019999981,4.460000038,1.679999948,0.100000001,415.0,400.0,1.0
696,6962181067,2016-04-26,2012,10433,36,254,7,680,2.579999924,3.900000095,0.419999987,0.0,446.0,441.0,1.0
697,6962181067,2016-04-27,2034,10320,7,279,38,697,0.550000012,4.25,2.019999981,0.0,467.0,455.0,1.0
698,6962181067,2016-04-28,2182,12627,38,288,8,621,2.50999999,5.590000153,0.239999995,0.0,453.0,440.0,1.0
699,6962181067,2016-04-29,2254,10762,12,369,15,645,0.819999993,5.809999943,0.479999989,0.0,447.0,433.0,1.0
700,6962181067,2016-04-30,2002,10081,32,237,16,731,2.24000001,3.670000076,0.75999999,0.0,424.0,422.0,1.0
701,6962181067,2016-05-01,1740,5454,0,215,0,722,0.0,3.609999895,0.0,0.0,426.0,411.0,1.0
702,6962181067,2016-05-02,2162,12912,18,313,39,655,1.200000048,5.340000153,2.0,0.0,482.0,466.0,1.0
703,6962181067,2016-05-03,2072,12109,21,267,36,654,1.74000001,4.329999924,2.039999962,0.0,418.0,394.0,1.0
704,6962181067,2016-05-04,2086,10147,15,284,36,683,0.469999999,4.550000191,1.679999948,0.0,455.0,442.0,1.0
705,6962181067,2016-05-05,2066,10524,14,305,22,591,0.99000001,4.809999943,1.159999967,0.0,491.0,467.0,1.0
706,6962181067,2016-05-06,1850,5908,0,299,0,717,0.0,3.910000086,0.0,0.0,462.0,443.0,1.0
707,6962181067,2016-05-07,1947,6815,0,328,0,745,0.0,4.5,0.0,0.0,334.0,298.0,1.0
708,6962181067,2016-05-08,1659,4188,0,151,14,709,0.0,2.25,0.519999981,0.0,569.0,541.0,1.0
709,6962181067,2016-05-09,2105,12342,43,231,21,607,3.900000095,3.650000095,1.179999948,0.0,497.0,489.0,1.0
710,6962181067,2016-05-10,2361,15448,62,275,34,626,3.470000029,4.989999771,1.75,0.0,481.0,469.0,1.0
711,6962181067,2016-05-11,1855,6722,24,199,7,709,1.49000001,2.650000095,0.310000002,0.0,480.0,452.0,1.0
712,6962181067,2016-05-12,928,3587,0,105,8,127,0.0,2.109999895,0.25,0.0,535.0,516.0,1.0
713,7007744171,2016-04-12,2937,14172,53,355,8,1024,4.5,5.409999847,0.379999995,0.0,,,
714,7007744171,2016-04-13,2742,12862,56,261,22,1101,4.610000134,4.480000019,0.560000002,0.0,,,
715,7007744171,2016-04-14,2668,11179,34,304,6,1096,2.950000048,4.960000038,0.340000004,0.0,,,
716,7007744171,2016-04-15,2098,5273,0,202,0,1238,0.0,3.529999971,0.0,0.0,,,
717,7007744171,2016-04-16,2076,4631,0,203,0,1155,0.0,3.099999905,0.0,0.0,82.0,79.0,1.0
718,7007744171,2016-04-17,2383,8059,0,305,0,1135,0.0,5.389999866,0.0,0.0,,,
719,7007744171,2016-04-18,2832,14816,48,284,31,1077,3.789999962,5.050000191,2.119999886,0.02,,,
720,7007744171,2016-04-19,2812,14194,53,304,17,1066,4.409999847,5.309999943,0.75999999,0.0,,,
721,7007744171,2016-04-20,3096,15566,60,347,33,1000,4.789999962,5.860000134,0.670000017,0.0,,,
722,7007744171,2016-04-21,2763,13744,30,327,34,1049,2.150000095,5.170000076,1.870000005,0.0,,,
723,7007744171,2016-04-22,2889,15299,64,261,50,1065,4.099999905,4.369999886,1.75999999,0.0,,,
724,7007744171,2016-04-23,2284,8093,2,223,25,1190,0.129999995,4.150000095,1.129999995,0.0,,,
725,7007744171,2016-04-24,2667,11085,0,419,0,1021,0.0,7.420000076,0.0,0.0,,,
726,7007744171,2016-04-25,3055,18229,51,379,24,986,4.309999943,7.670000076,1.370000005,0.0,,,
727,7007744171,2016-04-26,2939,15090,16,424,22,978,0.930000007,8.229999542,0.939999998,0.0,,,
728,7007744171,2016-04-27,2830,13541,50,337,12,1041,4.269999981,5.289999962,0.660000026,0.0,,,
729,7007744171,2016-04-28,2836,15128,16,401,16,1007,1.090000033,8.260000229,0.769999981,0.0,,,
730,7007744171,2016-04-29,3180,20067,55,382,42,961,4.309999943,7.949999809,2.049999952,0.0,,,
731,7007744171,2016-04-30,2051,3761,0,200,0,1240,0.0,2.519999981,0.0,0.0,,,
732,7007744171,2016-05-01,2225,5600,0,237,0,1142,0.0,3.75,0.0,0.0,61.0,58.0,1.0
733,7007744171,2016-05-02,2642,13041,64,250,14,1112,4.639999866,3.829999924,0.699999988,0.0,,,
734,7007744171,2016-05-03,2976,14510,58,330,31,1021,4.480000019,5.360000134,1.019999981,0.0,,,
735,7007744171,2016-05-04,1557,0,0,0,0,1440,0.0,0.0,0.0,0.0,,,
736,7007744171,2016-05-05,2933,15010,53,317,23,1047,4.329999924,5.480000019,1.289999962,0.0,,,
737,7007744171,2016-05-06,2553,11459,44,247,13,1136,3.0,3.859999895,0.810000002,0.0,,,
738,7007744171,2016-05-07,120,0,0,0,0,111,0.0,0.0,0.0,0.0,,,
739,7086361926,2016-04-12,2772,11317,59,153,6,745,5.269999981,2.970000029,0.150000006,0.0,525.0,514.0,1.0
740,7086361926,2016-04-13,2516,5813,31,155,26,744,0.560000002,2.839999914,0.209999993,0.0,465.0,451.0,1.0
741,7086361926,2016-04-14,2734,9123,35,189,32,787,2.029999971,3.660000086,0.330000013,0.0,476.0,472.0,1.0
742,7086361926,2016-04-15,2395,8585,30,139,21,864,2.039999962,2.529999971,1.110000014,0.0,386.0,377.0,1.0
743,7086361926,2016-04-16,1635,31,0,3,0,1437,0.0,0.01,0.0,0.0,,,
744,7086361926,2016-04-17,1629,0,0,0,0,1440,0.0,0.0,0.0,0.0,,,
745,7086361926,2016-04-18,2743,9827,61,114,51,1136,3.170000076,2.309999943,1.220000029,0.0,,,
746,7086361926,2016-04-19,2944,10688,67,124,69,671,3.529999971,2.50999999,1.230000019,0.0,483.0,472.0,1.0
747,7086361926,2016-04-20,2997,14365,87,145,13,797,7.639999866,2.539999962,0.449999988,0.0,502.0,492.0,1.0
748,7086361926,2016-04-21,2463,9469,19,206,6,758,1.360000014,4.510000229,0.300000012,0.0,411.0,390.0,1.0
749,7086361926,2016-04-22,2846,9753,58,153,59,762,2.869999886,2.670000076,0.970000029,0.0,448.0,428.0,1.0
750,7086361926,2016-04-23,1965,2817,0,90,0,1350,0.0,1.799999952,0.0,0.0,,,
751,7086361926,2016-04-24,2049,3520,0,125,0,566,0.0,2.150000095,0.0,0.0,704.0,681.0,1.0
752,7086361926,2016-04-25,2752,10091,69,129,39,706,3.75,2.369999886,0.699999988,0.0,447.0,446.0,1.0
753,7086361926,2016-04-26,2781,10387,70,132,33,726,4.159999847,2.119999886,0.769999981,0.0,500.0,485.0,1.0
754,7086361926,2016-04-27,2693,11107,55,145,6,829,5.630000114,2.529999971,0.180000007,0.0,479.0,469.0,1.0
755,7086361926,2016-04-28,2862,11584,54,161,48,810,2.789999962,3.359999895,1.639999986,0.0,367.0,354.0,1.0
756,7086361926,2016-04-29,2616,7881,24,182,36,1198,0.49000001,4.0,0.449999988,0.0,,,
757,7086361926,2016-04-30,2995,14560,42,308,17,584,3.119999886,5.239999771,1.039999962,0.0,489.0,485.0,1.0
758,7086361926,2016-05-01,2730,12390,30,258,15,685,2.299999952,4.849999905,0.899999976,0.0,407.0,388.0,1.0
759,7086361926,2016-05-02,2754,10052,66,139,26,737,3.480000019,2.660000086,0.660000026,0.0,459.0,440.0,1.0
760,7086361926,2016-05-03,2754,10288,57,152,36,761,2.74000001,3.160000086,0.850000024,0.0,461.0,456.0,1.0
761,7086361926,2016-05-04,2655,10988,45,135,12,843,5.28000021,2.900000095,0.119999997,0.0,436.0,420.0,1.0
762,7086361926,2016-05-05,2386,8564,24,149,14,1253,1.779999971,2.950000048,0.829999983,0.0,,,
763,7086361926,2016-05-06,2924,12461,84,154,35,834,3.819999933,3.119999886,1.429999948,0.0,333.0,322.0,1.0
764,7086361926,2016-05-07,2739,12827,20,209,42,621,1.460000038,4.679999828,2.329999924,0.0,548.0,530.0,1.0
765,7086361926,2016-05-08,2534,10677,32,147,27,695,2.309999943,3.25,1.529999971,0.0,510.0,481.0,1.0
766,7086361926,2016-05-09,2960,13566,67,171,50,743,4.260000229,3.119999886,1.710000038,0.0,438.0,427.0,1.0
767,7086361926,2016-05-10,2800,14433,72,106,23,1182,7.110000134,2.450000048,1.200000048,0.0,,,
768,7086361926,2016-05-11,2735,9572,57,128,40,757,2.890000105,2.230000019,1.389999986,0.0,463.0,451.0,1.0
769,7086361926,2016-05-12,1199,3789,5,58,4,343,0.379999995,1.889999986,0.270000011,0.0,457.0,444.0,1.0
770,8053475328,2016-04-12,3186,18060,116,123,8,1193,11.64000034,2.099999905,0.389999986,0.0,,,
771,8053475328,2016-04-13,3140,16433,95,156,12,1177,10.43000031,2.450000048,0.469999999,0.0,,,
772,8053475328,2016-04-14,3411,20159,119,193,5,1123,12.34000015,3.359999895,0.209999993,0.0,,,
773,8053475328,2016-04-15,3410,20669,132,158,8,1142,13.26000023,2.589999914,0.389999986,0.0,,,
774,8053475328,2016-04-16,2867,14549,96,83,6,1255,9.359999657,1.49000001,0.270000011,0.0,,,
775,8053475328,2016-04-17,3213,18827,111,195,21,1113,9.239999771,3.640000105,0.800000012,0.0,,,
776,8053475328,2016-04-18,3133,17076,102,195,6,1137,9.079999924,3.349999905,0.230000004,0.0,,,
777,8053475328,2016-04-19,3114,15929,90,191,7,1152,9.220000267,2.950000048,0.310000002,0.0,,,
778,8053475328,2016-04-20,3043,15108,89,158,5,695,9.579999924,2.380000114,0.230000004,0.0,493.0,486.0,1.0
779,8053475328,2016-04-21,3103,16057,100,170,6,1164,9.670000076,2.579999924,0.25,0.0,,,
780,8053475328,2016-04-22,2655,10520,60,117,3,1260,6.260000229,1.879999995,0.150000006,0.0,,,
781,8053475328,2016-04-23,3554,22359,125,223,14,741,12.53999996,4.019999981,0.629999995,0.0,337.0,331.0,1.0
782,8053475328,2016-04-24,3577,22988,129,182,33,1096,13.13000011,3.25999999,1.549999952,0.0,,,
783,8053475328,2016-04-25,3403,20500,118,209,9,1104,11.36999989,3.859999895,0.460000008,0.0,,,
784,8053475328,2016-04-26,2846,12685,68,185,5,1182,6.309999943,3.099999905,0.200000003,0.0,,,
785,8053475328,2016-04-27,2852,12422,60,183,10,1187,6.460000038,2.930000067,0.430000007,0.0,,,
786,8053475328,2016-04-28,3062,15447,90,153,9,1188,9.670000076,2.349999905,0.389999986,0.0,,,
787,8053475328,2016-04-29,2794,12315,58,159,8,1215,6.170000076,3.170000076,0.310000002,0.0,,,
788,8053475328,2016-04-30,2408,7135,27,131,1,1281,2.99000001,2.539999962,0.059999999,0.0,,,
789,8053475328,2016-05-01,1886,1170,0,51,0,1389,0.0,0.850000024,0.0,0.0,,,
790,8053475328,2016-05-02,1988,1969,0,95,0,1345,0.0,1.429999948,0.0,0.0,,,
791,8053475328,2016-05-03,3023,15484,87,165,22,1166,8.390000343,2.589999914,0.930000007,0.0,,,
792,8053475328,2016-05-04,2918,14581,89,123,8,1220,8.819999695,1.909999967,0.400000006,0.0,,,
793,8053475328,2016-05-05,2950,14990,93,130,9,1208,8.850000381,2.210000038,0.449999988,0.0,,,
794,8053475328,2016-05-06,2859,13953,90,90,15,1245,9.100000381,1.210000038,0.689999998,0.0,,,
795,8053475328,2016-05-07,3331,19769,121,148,20,1076,12.43999958,2.349999905,0.879999995,0.0,75.0,74.0,1.0
796,8053475328,2016-05-08,3589,22026,125,228,14,1073,13.39999962,3.660000086,0.589999974,0.0,,,
797,8053475328,2016-05-09,2765,12465,66,148,12,1214,6.119999886,2.690000057,0.569999993,0.0,,,
798,8053475328,2016-05-10,2926,14810,96,115,10,1219,9.090000153,1.850000024,0.419999987,0.0,,,
799,8053475328,2016-05-11,2809,12209,60,184,7,1189,6.079999924,3.039999962,0.280000001,0.0,,,
800,8053475328,2016-05-12,1505,4998,28,39,4,839,2.950000048,0.75999999,0.200000003,0.0,,,
801,8253242879,2016-04-12,2044,9033,40,154,2,1244,5.429999828,1.590000033,0.140000001,0.0,,,
802,8253242879,2016-04-13,1935,8053,35,96,11,1298,4.170000076,1.309999943,0.629999995,0.0,,,
803,8253242879,2016-04-14,1705,5234,29,33,16,1362,1.929999948,0.540000021,0.99000001,0.0,,,
804,8253242879,2016-04-15,1632,2672,0,105,0,1335,0.0,1.75999999,0.0,0.0,,,
805,8253242879,2016-04-16,1880,9256,6,115,51,1268,0.430000007,2.450000048,3.269999981,0.0,,,
806,8253242879,2016-04-17,2112,10204,41,157,5,1237,5.429999828,2.329999924,0.150000006,0.0,,,
807,8253242879,2016-04-18,1829,5151,16,130,16,1278,1.039999962,1.799999952,0.629999995,0.0,,,
808,8253242879,2016-04-19,1763,4212,0,164,0,1276,0.0,2.779999971,0.0,0.0,,,
809,8253242879,2016-04-20,1931,6466,5,216,18,1201,0.330000013,3.109999895,0.819999993,0.01,,,
810,8253242879,2016-04-21,2218,11268,49,172,20,1199,5.880000114,1.75,0.930000007,0.0,,,
811,8253242879,2016-04-22,1651,2824,0,120,0,1320,0.0,1.870000005,0.0,0.0,,,
812,8253242879,2016-04-23,2132,9282,30,191,26,1193,2.089999914,3.130000114,1.039999962,0.0,,,
813,8253242879,2016-04-24,1976,8905,41,82,4,1313,5.599999905,1.340000033,0.189999998,0.0,,,
814,8253242879,2016-04-25,1909,6829,7,118,54,1261,0.360000014,1.769999981,2.390000105,0.0,,,
815,8253242879,2016-04-26,1813,4562,19,108,14,1299,1.179999948,1.370000005,0.49000001,0.0,,,
816,8253242879,2016-04-27,2008,10232,45,104,5,1286,6.239999771,1.700000048,0.230000004,0.0,,,
817,8253242879,2016-04-28,1580,2718,11,20,16,1393,0.670000017,0.340000004,0.779999971,0.0,,,
818,8253242879,2016-04-29,1854,6260,16,136,14,1257,1.289999962,2.400000095,0.540000021,0.0,,,
819,8253242879,2016-04-30,0,0,0,0,0,1440,0.0,0.0,0.0,0.0,,,
820,8378563200,2016-04-12,3635,7626,65,156,15,723,0.829999983,4.5,0.709999979,0.0,356.0,338.0,1.0
821,8378563200,2016-04-13,4079,12386,116,169,14,680,4.960000038,4.210000038,0.649999976,0.0,487.0,447.0,2.0
822,8378563200,2016-04-14,4163,13318,123,174,21,699,5.619999886,3.910000086,1.029999971,0.0,455.0,424.0,1.0
823,8378563200,2016-04-15,3666,14461,60,190,23,729,4.909999847,5.409999847,1.149999976,0.0,533.0,513.0,1.0
824,8378563200,2016-04-16,3363,11207,64,142,21,563,5.369999886,2.440000057,1.070000052,0.0,689.0,611.0,2.0
825,8378563200,2016-04-17,2572,2132,0,93,0,599,0.0,1.690000057,0.0,0.0,591.0,525.0,2.0
826,8378563200,2016-04-18,4157,13630,117,174,10,720,5.050000191,5.199999809,0.560000002,0.0,451.0,398.0,1.0
827,8378563200,2016-04-19,4092,13070,120,154,19,737,5.300000191,4.179999828,0.879999995,0.0,421.0,387.0,1.0
828,8378563200,2016-04-20,3787,9388,82,169,8,763,2.230000019,4.78000021,0.439999998,0.0,409.0,381.0,1.0
829,8378563200,2016-04-21,4236,15148,137,145,16,677,6.900000095,4.289999962,0.819999993,0.0,417.0,396.0,1.0
830,8378563200,2016-04-22,4044,12200,113,159,12,769,4.909999847,4.179999828,0.589999974,0.0,469.0,441.0,1.0
831,8378563200,2016-04-23,2908,5709,19,136,10,740,1.519999981,2.480000019,0.519999981,0.0,591.0,565.0,1.0
832,8378563200,2016-04-24,2741,3703,0,135,0,734,0.0,2.940000057,0.0,0.0,492.0,458.0,1.0
833,8378563200,2016-04-25,4005,12405,117,141,16,692,5.050000191,3.920000076,0.870000005,0.0,402.0,388.0,1.0
834,8378563200,2016-04-25,4005,12405,117,141,16,692,5.050000191,3.920000076,0.870000005,0.0,402.0,388.0,1.0
835,8378563200,2016-04-26,3763,16208,90,161,18,593,7.510000229,4.420000076,0.920000017,0.0,584.0,550.0,1.0
836,8378563200,2016-04-27,3061,7359,4,192,4,676,0.330000013,5.329999924,0.180000007,0.0,600.0,531.0,1.0
837,8378563200,2016-04-28,2884,5417,11,139,10,711,0.899999976,2.910000086,0.49000001,0.0,556.0,506.0,1.0
838,8378563200,2016-04-29,2982,6175,3,172,7,767,0.25,4.269999981,0.360000014,0.0,562.0,527.0,1.0
839,8378563200,2016-04-30,2660,2946,0,121,0,780,0.0,2.339999914,0.0,0.0,555.0,468.0,1.0
840,8378563200,2016-05-01,3369,11419,71,127,10,669,6.03000021,2.470000029,0.560000002,0.0,539.0,475.0,1.0
841,8378563200,2016-05-02,3491,6064,63,142,4,802,0.629999995,4.010000229,0.170000002,0.0,385.0,351.0,1.0
842,8378563200,2016-05-03,3784,8712,71,195,20,822,1.340000033,4.5,1.059999943,0.0,429.0,405.0,1.0
843,8378563200,2016-05-04,3110,7875,19,167,10,680,1.559999943,4.199999809,0.49000001,0.0,477.0,441.0,1.0
844,8378563200,2016-05-05,3783,8567,66,214,3,764,0.889999986,5.739999771,0.159999996,0.0,417.0,381.0,1.0
845,8378563200,2016-05-06,3644,7045,74,166,5,831,1.549999952,3.779999971,0.25,0.0,355.0,323.0,1.0
846,8378563200,2016-05-07,2799,4468,0,158,0,851,0.0,3.539999962,0.0,0.0,513.0,459.0,2.0
847,8378563200,2016-05-08,2685,2943,0,139,0,621,0.0,2.329999924,0.0,0.0,606.0,545.0,1.0
848,8378563200,2016-05-09,3721,8382,71,171,13,772,1.269999981,4.71999979,0.660000026,0.0,399.0,359.0,1.0
849,8378563200,2016-05-10,3586,6582,63,152,13,840,0.660000026,3.920000076,0.639999986,0.0,391.0,342.0,1.0
850,8378563200,2016-05-11,3788,9143,72,184,10,763,1.389999986,5.269999981,0.589999974,0.0,387.0,368.0,1.0
851,8378563200,2016-05-12,1976,4561,8,102,6,433,0.649999976,2.690000057,0.270000011,0.0,546.0,496.0,1.0
852,8583815059,2016-04-12,2650,5014,0,196,7,1237,0.0,3.579999924,0.330000013,0.0,,,
853,8583815059,2016-04-13,2654,5571,2,163,23,1252,0.150000006,3.230000019,0.970000029,0.0,,,
854,8583815059,2016-04-14,2443,3135,0,134,0,1306,0.0,2.430000067,0.0,0.0,,,
855,8583815059,2016-04-15,2505,3430,0,65,0,1375,0.0,0.899999976,0.0,0.0,,,
856,8583815059,2016-04-16,2693,5319,0,0,0,1440,0.0,0.0,0.0,0.0,,,
857,8583815059,2016-04-17,2439,3008,0,0,0,1440,0.0,0.0,0.0,0.0,,,
858,8583815059,2016-04-18,2536,3864,4,105,22,1309,0.310000002,1.350000024,1.059999943,0.0,,,
859,8583815059,2016-04-19,2668,5697,7,166,10,1257,0.529999971,3.440000057,0.479999989,0.0,,,
860,8583815059,2016-04-20,2647,5273,0,167,27,1246,0.0,3.069999933,1.039999962,0.0,,,
861,8583815059,2016-04-21,2883,8538,35,158,18,1229,2.630000114,3.00999999,1.019999981,0.0,,,
862,8583815059,2016-04-22,2944,8687,4,212,54,1170,0.289999992,4.079999924,2.410000086,0.0,,,
863,8583815059,2016-04-23,3012,9423,7,238,44,1151,0.529999971,4.75,2.029999971,0.0,,,
864,8583815059,2016-04-24,2889,8286,2,206,44,1188,0.150000006,4.269999981,2.049999952,0.0,,,
865,8583815059,2016-04-25,2547,4503,18,122,6,1294,1.470000029,1.809999943,0.239999995,0.0,,,
866,8583815059,2016-04-26,3093,10499,1,214,91,1134,0.07,3.890000105,4.21999979,0.0,,,
867,8583815059,2016-04-27,3142,12474,77,129,5,1229,6.599999905,2.869999886,0.270000011,0.0,,,
868,8583815059,2016-04-28,2757,6174,0,203,28,1209,0.0,3.609999895,1.200000048,0.0,,,
869,8583815059,2016-04-29,3513,15168,46,258,67,1069,3.900000095,4.920000076,3.0,0.0,,,
870,8583815059,2016-04-30,3164,10085,2,317,28,1093,0.150000006,6.429999828,1.279999971,0.0,,,
871,8583815059,2016-05-01,2596,4512,10,117,2,1311,0.779999971,2.039999962,0.119999997,0.0,,,
872,8583815059,2016-05-02,2894,8469,0,0,0,1440,0.0,0.0,0.0,0.0,,,
873,8583815059,2016-05-03,3212,12015,0,0,0,1440,0.0,0.0,0.0,0.0,,,
874,8583815059,2016-05-04,2516,3588,0,0,0,1440,0.0,0.0,0.0,0.0,,,
875,8583815059,2016-05-05,3266,12427,0,70,0,1370,0.0,1.179999948,0.0,0.0,,,
876,8583815059,2016-05-06,2683,5843,2,166,22,1250,0.140000001,3.230000019,1.190000057,0.0,,,
877,8583815059,2016-05-07,2810,6117,0,250,0,1190,0.0,4.769999981,0.0,0.0,,,
878,8583815059,2016-05-08,2940,9217,3,182,72,1183,0.219999999,3.660000086,3.309999943,0.0,,,
879,8583815059,2016-05-09,2947,9877,66,110,4,1260,5.760000229,1.730000019,0.170000002,0.0,,,
880,8583815059,2016-05-10,2846,8240,9,162,43,1226,0.689999998,3.720000029,2.00999999,0.0,,,
881,8583815059,2016-05-11,2804,8701,5,177,71,1106,0.370000005,3.170000076,3.24000001,0.0,,,
882,8583815059,2016-05-12,0,0,0,0,0,1440,0.0,0.0,0.0,0.0,,,
883,8792009665,2016-04-12,2044,2564,0,116,0,831,0.0,1.639999986,0.0,0.0,493.0,458.0,1.0
884,8792009665,2016-04-13,1934,1320,0,82,0,806,0.0,0.839999974,0.0,0.0,552.0,531.0,1.0
885,8792009665,2016-04-14,1963,1219,0,84,0,853,0.0,0.779999971,0.0,0.0,503.0,486.0,1.0
886,8792009665,2016-04-15,2009,2483,0,126,0,937,0.0,1.590000033,0.0,0.0,377.0,363.0,1.0
887,8792009665,2016-04-16,1721,244,0,12,0,1428,0.0,0.159999996,0.0,0.0,,,
888,8792009665,2016-04-17,1688,0,0,0,0,1440,0.0,0.0,0.0,0.0,,,
889,8792009665,2016-04-18,1688,0,0,0,0,1440,0.0,0.0,0.0,0.0,,,
890,8792009665,2016-04-19,1688,0,0,0,0,1440,0.0,0.0,0.0,0.0,,,
891,8792009665,2016-04-20,2188,3147,0,139,10,744,0.0,1.74000001,0.280000001,0.0,547.0,528.0,1.0
892,8792009665,2016-04-21,1720,144,0,9,0,1431,0.0,0.090000004,0.0,0.0,,,
893,8792009665,2016-04-22,2419,4068,1,195,20,817,0.050000001,2.269999981,0.280000001,0.0,407.0,391.0,1.0
894,8792009665,2016-04-23,2748,5245,8,232,45,795,0.159999996,2.75,0.439999998,0.0,360.0,339.0,1.0
895,8792009665,2016-04-24,1799,400,3,19,8,1410,0.039999999,0.159999996,0.050000001,0.0,,,
896,8792009665,2016-04-25,1688,0,0,0,0,1440,0.0,0.0,0.0,0.0,,,
897,8792009665,2016-04-26,1928,1321,0,80,0,1360,0.0,0.850000024,0.0,0.0,,,
898,8792009665,2016-04-27,2067,1758,0,112,0,900,0.0,1.129999995,0.0,0.0,428.0,423.0,1.0
899,8792009665,2016-04-28,2780,6157,0,310,0,714,0.0,3.940000057,0.0,0.0,416.0,402.0,1.0
900,8792009665,2016-04-29,3101,8360,6,380,14,634,0.140000001,4.929999828,0.280000001,0.0,406.0,398.0,1.0
901,8792009665,2016-04-30,2896,7174,10,301,20,749,0.330000013,3.910000086,0.360000014,0.0,360.0,343.0,1.0
902,8792009665,2016-05-01,1962,1619,0,79,0,834,0.0,1.039999962,0.0,0.0,527.0,503.0,1.0
903,8792009665,2016-05-02,2015,1831,0,101,0,916,0.0,1.169999957,0.0,0.0,423.0,415.0,1.0
904,8792009665,2016-05-03,2297,2421,0,156,0,739,0.0,1.549999952,0.0,0.0,545.0,516.0,1.0
905,8792009665,2016-05-04,2067,2283,0,129,0,848,0.0,1.460000038,0.0,0.0,463.0,439.0,1.0
906,8792009665,2016-05-05,1688,0,0,0,0,1440,0.0,0.0,0.0,0.0,,,
907,8792009665,2016-05-06,1688,0,0,0,0,1440,0.0,0.0,0.0,0.0,,,
908,8792009665,2016-05-07,1688,0,0,0,0,1440,0.0,0.0,0.0,0.0,,,
909,8792009665,2016-05-08,1688,0,0,0,0,1440,0.0,0.0,0.0,0.0,,,
910,8792009665,2016-05-09,1688,0,0,0,0,1440,0.0,0.0,0.0,0.0,,,
911,8792009665,2016-05-10,57,0,0,0,0,48,0.0,0.0,0.0,0.0,,,
912,8877689391,2016-04-12,3921,23186,85,312,7,1036,12.22000027,7.820000172,0.340000004,0.0,,,
913,8877689391,2016-04-13,3566,15337,108,216,18,1098,3.549999952,5.639999866,0.379999995,0.0,,,
914,8877689391,2016-04-14,3793,21129,68,298,13,1061,10.55000019,7.75,0.589999974,0.02,,,
915,8877689391,2016-04-15,3934,13422,106,281,1,1052,0.050000001,7.010000229,0.050000001,0.01,,,
916,8877689391,2016-04-16,4547,29326,94,429,29,888,13.23999977,10.71000004,1.210000038,0.0,,,
917,8877689391,2016-04-17,3545,15118,58,307,15,1060,0.0,8.789999962,0.07,0.0,,,
918,8877689391,2016-04-18,2761,11423,29,191,5,1215,2.440000057,5.940000057,0.270000011,0.0,,,
919,8877689391,2016-04-19,3676,18785,82,214,13,1131,12.14999962,5.03000021,0.180000007,0.0,,,
920,8877689391,2016-04-20,3679,19948,73,225,19,1123,11.02000046,6.340000153,0.689999998,0.0,,,
921,8877689391,2016-04-21,3659,19377,82,226,13,1119,12.28999996,4.889999866,0.419999987,0.0,,,
922,8877689391,2016-04-22,3427,18258,61,236,2,1141,10.22999954,5.96999979,0.029999999,0.050000001,,,
923,8877689391,2016-04-23,3891,11200,102,300,6,1032,0.0,7.400000095,0.0,0.01,,,
924,8877689391,2016-04-24,3455,16674,64,227,1,1148,11.01000023,4.690000057,0.01,0.0,,,
925,8877689391,2016-04-25,3802,12986,113,218,8,1101,2.369999886,6.269999981,0.07,0.01,,,
926,8877689391,2016-04-26,2860,11101,22,258,3,1157,1.75999999,6.5,0.129999995,0.0,,,
927,8877689391,2016-04-27,3808,23629,93,235,8,1104,13.06999969,7.099999905,0.439999998,0.0,,,
928,8877689391,2016-04-28,3060,14890,58,231,8,1143,4.929999828,5.96999979,0.379999995,0.0,,,
929,8877689391,2016-04-29,2698,9733,18,210,5,1207,1.379999995,5.789999962,0.170000002,0.0,,,
930,8877689391,2016-04-30,4398,27745,124,223,4,1089,21.65999985,4.929999828,0.079999998,0.0,,,
931,8877689391,2016-05-01,2786,10930,36,166,12,1226,3.130000114,4.570000172,0.569999993,0.0,,,
932,8877689391,2016-05-02,2189,4790,0,105,0,1335,0.0,3.559999943,0.0,0.0,,,
933,8877689391,2016-05-03,2817,10818,19,229,3,1189,1.389999986,6.670000076,0.100000001,0.01,,,
934,8877689391,2016-05-04,3477,18193,66,212,8,1154,10.42000008,5.53000021,0.310000002,0.0,,,
935,8877689391,2016-05-05,3052,14055,67,188,15,1170,5.460000038,4.369999886,0.819999993,0.0,,,
936,8877689391,2016-05-06,4015,21727,96,232,17,1095,12.78999996,6.159999847,0.289999992,0.0,,,
937,8877689391,2016-05-07,4142,12332,105,271,28,1036,0.079999998,6.989999771,0.959999979,0.0,,,
938,8877689391,2016-05-08,2847,10686,17,245,4,1174,1.080000043,6.800000191,0.200000003,0.0,,,
939,8877689391,2016-05-09,3710,20226,73,217,19,1131,11.10000038,6.239999771,0.800000012,0.050000001,,,
940,8877689391,2016-05-10,2832,10733,18,224,11,1187,1.350000024,6.28000021,0.460000008,0.0,,,
941,8877689391,2016-05-11,3832,21420,88,213,12,1127,13.22000027,5.889999866,0.409999996,0.0,,,
942,8877689391,2016-05-12,1849,8064,23,137,1,770,1.820000052,4.25,0.039999999,0.0,,,
